Lead Origin,Lead Source,Do Not Email,Converted,TotalVisits,Total Time Spent on Website,Page Views Per Visit,Last Activity,Specialization,What is your current occupation,City,A free copy of Mastering The Interview,Last Notable Activity,lead_score,actual_converted,assigned_rep
Lead Add Form,Reference,No,1,3.0,1650,2.0,Unreachable,Business Administration,Working Professional,Mumbai,No,Modified,0.9971436418492815,1,Rep_A (Top Closer)
Lead Add Form,Reference,No,1,3.0,2081,2.0,Email Opened,Hospitality Management,Unemployed,Mumbai,No,Modified,0.9927031074901049,1,Rep_A (Top Closer)
Lead Add Form,Reference,No,1,6.0,1812,2.0,Page Visited on Website,Marketing Management,Unemployed,Mumbai,Yes,Page Visited on Website,0.9909769717755986,1,Rep_A (Top Closer)
Lead Add Form,Reference,No,1,1.0,1397,1.0,SMS Sent,Finance Management,Unemployed,Mumbai,No,SMS Sent,0.9906503194871232,1,Rep_A (Top Closer)
Lead Add Form,Reference,No,1,3.0,1447,2.0,Email Opened,Travel and Tourism,Working Professional,Mumbai,No,Modified,0.9904169158518188,1,Rep_A (Top Closer)
Lead Add Form,Reference,No,1,1.0,1486,1.0,Page Visited on Website,Retail Management,Unemployed,Mumbai,No,Page Visited on Website,0.9894429373943429,1,Rep_A (Top Closer)
Lead Add Form,Reference,No,1,3.0,1357,2.0,Email Opened,Marketing Management,Working Professional,Mumbai,No,Modified,0.9883595283372556,1,Rep_A (Top Closer)
Landing Page Submission,Organic Search,No,1,5.0,1722,5.0,SMS Sent,Business Administration,Working Professional,Mumbai,No,SMS Sent,0.9875453143210091,1,Rep_A (Top Closer)
Landing Page Submission,Google,No,1,5.0,1925,5.0,SMS Sent,International Business,Working Professional,Thane & Outskirts,No,SMS Sent,0.9867683041905784,1,Rep_A (Top Closer)
Lead Add Form,Welingak Website,No,1,1.0,1046,1.0,Page Visited on Website,Finance Management,Unemployed,Mumbai,No,Page Visited on Website,0.9867429814000435,1,Rep_A (Top Closer)
Landing Page Submission,Direct Traffic,No,1,6.0,1957,1.5,SMS Sent,Marketing Management,Working Professional,Other Cities of Maharashtra,Yes,SMS Sent,0.9846941067609737,1,Rep_A (Top Closer)
Lead Add Form,Reference,No,1,3.0,1704,2.0,Email Opened,Finance Management,Unemployed,Mumbai,No,Modified,0.9846903340859662,1,Rep_A (Top Closer)
Landing Page Submission,Referral Sites,No,1,4.0,1653,2.0,Page Visited on Website,Business Administration,Unemployed,Mumbai,No,Page Visited on Website,0.9838285735536542,1,Rep_A (Top Closer)
Lead Add Form,Reference,No,1,3.0,1672,2.0,Email Opened,Finance Management,Unemployed,Mumbai,No,Modified,0.9837089906186977,1,Rep_A (Top Closer)
Landing Page Submission,Organic Search,No,0,4.0,1965,4.0,SMS Sent,Business Administration,Unemployed,Mumbai,No,SMS Sent,0.9829907778765358,0,Rep_A (Top Closer)
Landing Page Submission,Referral Sites,No,0,54.0,1280,4.5,SMS Sent,Finance Management,Unemployed,Mumbai,No,SMS Sent,0.9814502206225358,0,Rep_A (Top Closer)
Lead Add Form,Welingak Website,No,1,3.0,1240,2.0,Email Opened,Finance Management,Unemployed,Mumbai,No,Modified,0.9803627707728244,1,Rep_A (Top Closer)
Landing Page Submission,Organic Search,No,1,10.0,1361,2.5,SMS Sent,Human Resource Management,Working Professional,Other Metro Cities,Yes,SMS Sent,0.9803147971946524,1,Rep_A (Top Closer)
Lead Add Form,Welingak Website,No,1,3.0,1212,2.0,Email Opened,Finance Management,Unemployed,Mumbai,No,Modified,0.9792707036076145,1,Rep_A (Top Closer)
Lead Add Form,Reference,No,1,3.0,1540,2.0,Email Opened,Finance Management,Unemployed,Mumbai,No,Modified,0.978965276276563,1,Rep_A (Top Closer)
Lead Import,Facebook,No,0,3.0,1724,2.0,Email Opened,Finance Management,Unemployed,Other Cities of Maharashtra,No,Modified,0.9767911101617619,0,Rep_A (Top Closer)
Lead Add Form,Reference,No,1,2.0,1349,1.0,Olark Chat Conversation,Operations Management,Unemployed,Mumbai,Yes,Olark Chat Conversation,0.9767843519948421,1,Rep_A (Top Closer)
Lead Add Form,Reference,No,1,3.0,1476,2.0,Email Opened,Finance Management,Unemployed,Mumbai,No,Modified,0.9762020328473934,1,Rep_A (Top Closer)
Lead Add Form,Reference,No,1,3.0,1464,2.0,Email Opened,Finance Management,Unemployed,Mumbai,No,Modified,0.9756458433851614,1,Rep_A (Top Closer)
Lead Add Form,Reference,No,1,3.0,1445,2.0,Email Opened,Finance Management,Unemployed,Mumbai,No,Modified,0.974739196012735,1,Rep_A (Top Closer)
Lead Add Form,Welingak Website,No,1,3.0,1060,2.0,Email Opened,Finance Management,Unemployed,Mumbai,No,Modified,0.9722239268671462,1,Rep_A (Top Closer)
Lead Add Form,Reference,No,0,3.0,711,2.0,Had a Phone Conversation,Marketing Management,Working Professional,Mumbai,No,Modified,0.9703960114324652,0,Rep_A (Top Closer)
Lead Add Form,Reference,No,1,2.0,826,1.0,Form Submitted on Website,Supply Chain Management,Working Professional,Mumbai,Yes,Modified,0.9675680687156246,1,Rep_A (Top Closer)
Landing Page Submission,Direct Traffic,No,1,2.0,1598,2.0,SMS Sent,Finance Management,Working Professional,Thane & Outskirts,Yes,SMS Sent,0.9674836053532819,1,Rep_A (Top Closer)
Lead Import,Facebook,No,0,3.0,1517,2.0,Email Opened,Finance Management,Unemployed,Other Metro Cities,No,Modified,0.9669462997563139,0,Rep_A (Top Closer)
Landing Page Submission,Organic Search,No,1,10.0,2112,3.33,Email Opened,Human Resource Management,Unemployed,Mumbai,No,Email Opened,0.9667717400413716,1,Rep_A (Top Closer)
Lead Add Form,Reference,No,1,3.0,705,2.0,Email Opened,Hospitality Management,Working Professional,Thane & Outskirts,No,Modified,0.9652084056846827,1,Rep_A (Top Closer)
API,Organic Search,No,1,3.0,1757,1.5,SMS Sent,Finance Management,Unemployed,Mumbai,No,SMS Sent,0.9637178450634128,1,Rep_A (Top Closer)
Landing Page Submission,Direct Traffic,No,0,4.0,2207,4.0,SMS Sent,IT Projects Management,Unemployed,Other Cities of Maharashtra,Yes,SMS Sent,0.9633658527752844,0,Rep_A (Top Closer)
API,Olark Chat,No,0,1.0,1858,1.0,SMS Sent,Finance Management,Unemployed,Mumbai,No,Modified,0.9590203907285323,0,Rep_A (Top Closer)
Landing Page Submission,Direct Traffic,No,1,2.0,1534,2.0,SMS Sent,Healthcare Management,Working Professional,Other Cities,Yes,SMS Sent,0.9583360824065393,1,Rep_A (Top Closer)
Landing Page Submission,Organic Search,No,1,14.0,1822,7.0,SMS Sent,International Business,Unemployed,Mumbai,Yes,SMS Sent,0.9552135074188873,1,Rep_A (Top Closer)
Lead Import,Facebook,No,1,3.0,1542,2.0,Email Bounced,Finance Management,Unemployed,Other Cities of Maharashtra,No,Modified,0.9551315056861766,1,Rep_A (Top Closer)
Lead Add Form,Reference,No,1,0.0,0,0.0,SMS Sent,Operations Management,Working Professional,Mumbai,No,SMS Sent,0.9536967007097711,1,Rep_A (Top Closer)
Lead Add Form,Reference,No,1,0.0,0,0.0,SMS Sent,Operations Management,Working Professional,Mumbai,No,SMS Sent,0.9536967007097711,1,Rep_A (Top Closer)
Lead Add Form,Reference,No,1,0.0,0,0.0,SMS Sent,Marketing Management,Working Professional,Mumbai,No,SMS Sent,0.9534560603447674,1,Rep_A (Top Closer)
Lead Add Form,Reference,No,1,0.0,0,0.0,SMS Sent,Marketing Management,Working Professional,Mumbai,No,SMS Sent,0.9534560603447674,1,Rep_A (Top Closer)
Lead Add Form,Reference,No,1,0.0,0,0.0,SMS Sent,Marketing Management,Working Professional,Mumbai,No,SMS Sent,0.9534560603447674,1,Rep_A (Top Closer)
Lead Add Form,Reference,No,1,0.0,0,0.0,SMS Sent,Marketing Management,Working Professional,Mumbai,No,SMS Sent,0.9534560603447674,1,Rep_A (Top Closer)
Landing Page Submission,Google,No,1,5.0,2037,2.5,Email Opened,Finance Management,Unemployed,Thane & Outskirts,No,Modified,0.9532335082434107,1,Rep_A (Top Closer)
Lead Add Form,Welingak Website,No,1,1.0,967,1.0,Email Opened,IT Projects Management,Unemployed,Other Cities of Maharashtra,Yes,Email Opened,0.9531800988995763,1,Rep_A (Top Closer)
Landing Page Submission,Direct Traffic,No,1,2.0,1948,2.0,SMS Sent,Human Resource Management,Unemployed,Other Cities,Yes,SMS Sent,0.9531026462099712,1,Rep_A (Top Closer)
Lead Add Form,Reference,No,1,0.0,0,0.0,SMS Sent,Human Resource Management,Working Professional,Mumbai,No,SMS Sent,0.953092868285208,1,Rep_A (Top Closer)
Lead Add Form,Reference,No,1,0.0,0,0.0,SMS Sent,Human Resource Management,Working Professional,Mumbai,No,SMS Sent,0.953092868285208,1,Rep_A (Top Closer)
Lead Add Form,Reference,No,1,0.0,0,0.0,SMS Sent,Human Resource Management,Working Professional,Mumbai,No,SMS Sent,0.953092868285208,1,Rep_A (Top Closer)
Lead Add Form,Reference,No,1,0.0,0,0.0,SMS Sent,Human Resource Management,Working Professional,Mumbai,No,SMS Sent,0.953092868285208,1,Rep_A (Top Closer)
Lead Add Form,Reference,No,1,0.0,0,0.0,SMS Sent,Healthcare Management,Working Professional,Mumbai,No,SMS Sent,0.9528492449253092,1,Rep_A (Top Closer)
Lead Add Form,Reference,No,1,0.0,0,0.0,SMS Sent,Finance Management,Working Professional,Mumbai,No,SMS Sent,0.9527269826771676,1,Rep_A (Top Closer)
Lead Add Form,Reference,No,1,0.0,0,0.0,SMS Sent,Finance Management,Working Professional,Mumbai,No,SMS Sent,0.9527269826771676,1,Rep_A (Top Closer)
Lead Add Form,Reference,No,1,0.0,0,0.0,SMS Sent,Business Administration,Working Professional,Mumbai,No,SMS Sent,0.9523583857437979,1,Rep_A (Top Closer)
Lead Add Form,Reference,No,1,0.0,0,0.0,SMS Sent,"Banking, Investment And Insurance",Working Professional,Mumbai,No,SMS Sent,0.9522349144981249,1,Rep_A (Top Closer)
Landing Page Submission,Google,No,1,4.0,1483,4.0,Page Visited on Website,Operations Management,Working Professional,Mumbai,No,Modified,0.9520980260266875,1,Rep_A (Top Closer)
Landing Page Submission,Direct Traffic,No,1,3.0,1371,3.0,SMS Sent,Business Administration,Working Professional,Mumbai,No,SMS Sent,0.952043311259054,1,Rep_A (Top Closer)
Landing Page Submission,Organic Search,No,1,5.0,1445,5.0,SMS Sent,Finance Management,Unemployed,Other Cities of Maharashtra,No,SMS Sent,0.9515772211144892,1,Rep_A (Top Closer)
Lead Add Form,Reference,No,1,3.0,1070,2.0,Email Opened,Marketing Management,Unemployed,Other Cities,No,Modified,0.9513894932219309,1,Rep_A (Top Closer)
Landing Page Submission,Direct Traffic,No,1,3.0,1826,3.0,SMS Sent,Operations Management,Unemployed,Mumbai,No,SMS Sent,0.9511934338602644,1,Rep_A (Top Closer)
Landing Page Submission,Google,No,1,3.0,1995,3.0,Form Submitted on Website,IT Projects Management,Unemployed,Other Cities of Maharashtra,No,Modified,0.9507178305929358,1,Rep_A (Top Closer)
API,Google,No,1,2.0,1416,1.0,SMS Sent,Finance Management,Working Professional,Mumbai,No,SMS Sent,0.9506932732416256,1,Rep_A (Top Closer)
Landing Page Submission,Google,No,1,4.0,1674,4.0,SMS Sent,Human Resource Management,Unemployed,Other Cities of Maharashtra,No,SMS Sent,0.9491340272809248,1,Rep_A (Top Closer)
API,Referral Sites,No,1,5.0,1536,5.0,Email Opened,Human Resource Management,Working Professional,Thane & Outskirts,No,Email Opened,0.948266091149966,1,Rep_A (Top Closer)
Landing Page Submission,Direct Traffic,No,1,4.0,1484,4.0,SMS Sent,Supply Chain Management,Working Professional,Thane & Outskirts,Yes,SMS Sent,0.9478518940204992,1,Rep_A (Top Closer)
Landing Page Submission,Google,No,1,1.0,1716,1.0,Converted to Lead,"Banking, Investment And Insurance",Working Professional,Mumbai,No,Modified,0.9478270363937619,1,Rep_A (Top Closer)
Landing Page Submission,Direct Traffic,No,1,3.0,1576,1.5,SMS Sent,IT Projects Management,Unemployed,Thane & Outskirts,No,SMS Sent,0.9473477177346374,1,Rep_A (Top Closer)
Landing Page Submission,Google,No,0,5.0,1592,1.67,SMS Sent,Operations Management,Unemployed,Thane & Outskirts,Yes,SMS Sent,0.9469722999209592,0,Rep_A (Top Closer)
Landing Page Submission,Referral Sites,No,1,6.0,1505,6.0,Page Visited on Website,Human Resource Management,Unemployed,Other Cities,Yes,Page Visited on Website,0.9462906744587861,1,Rep_A (Top Closer)
API,Organic Search,No,1,6.0,1519,1.5,SMS Sent,Finance Management,Unemployed,Mumbai,No,SMS Sent,0.9453423997565368,1,Rep_A (Top Closer)
Landing Page Submission,Organic Search,No,1,3.0,1466,3.0,SMS Sent,Business Administration,Unemployed,Mumbai,Yes,SMS Sent,0.9449392230593316,1,Rep_A (Top Closer)
Landing Page Submission,Organic Search,No,0,3.0,1328,1.5,SMS Sent,Human Resource Management,Unemployed,Mumbai,Yes,SMS Sent,0.9444034528639584,0,Rep_A (Top Closer)
Landing Page Submission,Direct Traffic,No,1,2.0,1680,2.0,SMS Sent,Human Resource Management,Unemployed,Mumbai,No,SMS Sent,0.943669306722857,1,Rep_A (Top Closer)
Lead Add Form,Welingak Website,No,1,0.0,0,0.0,SMS Sent,Finance Management,Unemployed,Other Cities of Maharashtra,No,SMS Sent,0.943142866024356,1,Rep_A (Top Closer)
Lead Add Form,Reference,No,1,0.0,0,0.0,SMS Sent,Marketing Management,Working Professional,Mumbai,No,Modified,0.9429139601554023,1,Rep_A (Top Closer)
Lead Add Form,Reference,No,1,0.0,0,0.0,SMS Sent,Marketing Management,Working Professional,Mumbai,No,Modified,0.9429139601554023,1,Rep_A (Top Closer)
Lead Add Form,Reference,No,1,3.0,1007,2.0,Email Opened,Human Resource Management,Unemployed,Mumbai,No,Modified,0.9425152011613144,1,Rep_A (Top Closer)
Lead Add Form,Reference,No,1,0.0,0,0.0,SMS Sent,Human Resource Management,Working Professional,Mumbai,No,Modified,0.9424734691607427,1,Rep_A (Top Closer)
Lead Add Form,Reference,No,1,0.0,0,0.0,SMS Sent,Human Resource Management,Working Professional,Mumbai,No,Modified,0.9424734691607427,1,Rep_A (Top Closer)
Lead Add Form,Reference,No,1,0.0,0,0.0,SMS Sent,Human Resource Management,Working Professional,Mumbai,No,Modified,0.9424734691607427,1,Rep_A (Top Closer)
Landing Page Submission,Google,No,1,4.0,1646,4.0,SMS Sent,Hospitality Management,Unemployed,Mumbai,No,SMS Sent,0.941539482433835,1,Rep_A (Top Closer)
Landing Page Submission,Organic Search,No,1,6.0,1468,6.0,SMS Sent,"Banking, Investment And Insurance",Unemployed,Mumbai,No,SMS Sent,0.94120622707133,1,Rep_A (Top Closer)
Landing Page Submission,Referral Sites,No,1,9.0,1524,9.0,SMS Sent,Marketing Management,Unemployed,Mumbai,Yes,SMS Sent,0.9394499322969415,1,Rep_A (Top Closer)
API,Organic Search,No,0,3.0,1709,3.0,SMS Sent,Human Resource Management,Unemployed,Mumbai,No,Modified,0.9388877389790228,0,Rep_A (Top Closer)
Lead Add Form,Welingak Website,No,1,0.0,0,0.0,SMS Sent,Human Resource Management,Unemployed,Mumbai,No,SMS Sent,0.9386352925082294,1,Rep_A (Top Closer)
Landing Page Submission,Direct Traffic,No,0,7.0,1720,2.33,SMS Sent,"Banking, Investment And Insurance",Unemployed,Other Cities,No,Modified,0.9382652488757885,0,Rep_A (Top Closer)
Lead Add Form,Welingak Website,No,1,0.0,0,0.0,SMS Sent,Finance Management,Unemployed,Mumbai,No,SMS Sent,0.9381639513181712,1,Rep_A (Top Closer)
Lead Add Form,Welingak Website,No,1,0.0,0,0.0,SMS Sent,Finance Management,Unemployed,Mumbai,No,SMS Sent,0.9381639513181712,1,Rep_A (Top Closer)
Lead Add Form,Welingak Website,No,1,0.0,0,0.0,SMS Sent,Finance Management,Unemployed,Mumbai,No,SMS Sent,0.9381639513181712,1,Rep_A (Top Closer)
Lead Add Form,Welingak Website,No,1,0.0,0,0.0,SMS Sent,Finance Management,Unemployed,Mumbai,No,SMS Sent,0.9381639513181712,1,Rep_A (Top Closer)
Lead Add Form,Welingak Website,No,1,0.0,0,0.0,SMS Sent,Finance Management,Unemployed,Mumbai,No,SMS Sent,0.9381639513181712,1,Rep_A (Top Closer)
Lead Add Form,Welingak Website,No,1,0.0,0,0.0,SMS Sent,Finance Management,Unemployed,Mumbai,No,SMS Sent,0.9381639513181712,1,Rep_A (Top Closer)
Lead Add Form,Welingak Website,No,1,0.0,0,0.0,SMS Sent,Finance Management,Unemployed,Mumbai,No,SMS Sent,0.9381639513181712,1,Rep_A (Top Closer)
Lead Add Form,Welingak Website,No,1,0.0,0,0.0,SMS Sent,Finance Management,Unemployed,Mumbai,No,SMS Sent,0.9381639513181712,1,Rep_A (Top Closer)
Lead Add Form,Welingak Website,No,1,0.0,0,0.0,SMS Sent,Finance Management,Unemployed,Mumbai,No,SMS Sent,0.9381639513181712,1,Rep_A (Top Closer)
Lead Add Form,Welingak Website,No,1,0.0,0,0.0,SMS Sent,Finance Management,Unemployed,Mumbai,No,SMS Sent,0.9381639513181712,1,Rep_A (Top Closer)
Lead Add Form,Welingak Website,No,1,0.0,0,0.0,SMS Sent,Finance Management,Unemployed,Mumbai,No,SMS Sent,0.9381639513181712,1,Rep_A (Top Closer)
Lead Add Form,Welingak Website,No,1,0.0,0,0.0,SMS Sent,Finance Management,Unemployed,Mumbai,No,SMS Sent,0.9381639513181712,1,Rep_A (Top Closer)
Lead Add Form,Welingak Website,No,1,0.0,0,0.0,SMS Sent,Finance Management,Unemployed,Mumbai,No,SMS Sent,0.9381639513181712,1,Rep_A (Top Closer)
Lead Add Form,Welingak Website,No,1,0.0,0,0.0,SMS Sent,Finance Management,Unemployed,Mumbai,No,SMS Sent,0.9381639513181712,1,Rep_A (Top Closer)
Lead Add Form,Welingak Website,No,1,0.0,0,0.0,SMS Sent,Finance Management,Unemployed,Mumbai,No,SMS Sent,0.9381639513181712,1,Rep_A (Top Closer)
Lead Add Form,Welingak Website,No,1,0.0,0,0.0,SMS Sent,Finance Management,Unemployed,Mumbai,No,SMS Sent,0.9381639513181712,1,Rep_A (Top Closer)
Lead Add Form,Welingak Website,No,1,0.0,0,0.0,SMS Sent,Finance Management,Unemployed,Mumbai,No,SMS Sent,0.9381639513181712,1,Rep_A (Top Closer)
Landing Page Submission,Google,No,1,3.0,1545,3.0,SMS Sent,E-Business,Unemployed,Mumbai,No,SMS Sent,0.9381581001111876,1,Rep_A (Top Closer)
Landing Page Submission,Direct Traffic,No,1,9.0,1953,1.8,Email Opened,Supply Chain Management,Unemployed,Thane & Outskirts,No,Modified,0.9381525487818257,1,Rep_A (Top Closer)
Landing Page Submission,Direct Traffic,No,1,8.0,1499,8.0,SMS Sent,Rural and Agribusiness,Working Professional,Thane & Outskirts,No,SMS Sent,0.9372148763014816,1,Rep_A (Top Closer)
Landing Page Submission,Google,No,1,4.0,1606,4.0,SMS Sent,Finance Management,Unemployed,Mumbai,No,SMS Sent,0.9367203568988333,1,Rep_A (Top Closer)
API,Google,No,0,2.0,2117,2.0,Olark Chat Conversation,Finance Management,Unemployed,Mumbai,No,Modified,0.9366952656041422,0,Rep_A (Top Closer)
Lead Add Form,Reference,No,1,7.0,1052,2.33,Email Opened,Marketing Management,Unemployed,Mumbai,No,Email Opened,0.9357525858545664,1,Rep_A (Top Closer)
Landing Page Submission,Google,No,1,4.0,1500,4.0,SMS Sent,IT Projects Management,Unemployed,Thane & Outskirts,No,SMS Sent,0.9355390651301513,1,Rep_A (Top Closer)
Lead Add Form,Reference,No,1,3.0,940,2.0,Email Opened,Marketing Management,Unemployed,Mumbai,No,Modified,0.9354154267191426,1,Rep_A (Top Closer)
Landing Page Submission,Google,Yes,1,4.0,1674,4.0,Unsubscribed,Finance Management,Working Professional,Mumbai,No,Unsubscribed,0.9350969763694553,1,Rep_A (Top Closer)
Landing Page Submission,Organic Search,No,1,4.0,1171,4.0,Email Opened,Finance Management,Working Professional,Thane & Outskirts,No,Modified,0.9343238421525535,1,Rep_A (Top Closer)
Lead Add Form,Welingak Website,No,1,3.0,555,1.5,Email Opened,Human Resource Management,Unemployed,Mumbai,No,Modified,0.9339645871826338,1,Rep_A (Top Closer)
Landing Page Submission,Organic Search,No,1,5.0,1023,5.0,SMS Sent,Finance Management,Working Professional,Mumbai,Yes,SMS Sent,0.9322826696167267,1,Rep_A (Top Closer)
Landing Page Submission,Organic Search,No,1,9.0,1562,3.0,Olark Chat Conversation,Marketing Management,Unemployed,Mumbai,Yes,Modified,0.9308371659397867,1,Rep_A (Top Closer)
Landing Page Submission,Google,No,1,3.0,1391,3.0,SMS Sent,Finance Management,Unemployed,Thane & Outskirts,No,SMS Sent,0.9308264761334537,1,Rep_A (Top Closer)
Landing Page Submission,Google,No,1,2.0,1508,2.0,SMS Sent,Human Resource Management,Unemployed,Mumbai,No,Modified,0.9305354020737073,1,Rep_A (Top Closer)
Landing Page Submission,Google,No,1,4.0,1506,4.0,SMS Sent,Business Administration,Unemployed,Other Cities of Maharashtra,No,SMS Sent,0.9294739088228612,1,Rep_A (Top Closer)
Landing Page Submission,Direct Traffic,No,1,13.0,1683,4.33,SMS Sent,"Banking, Investment And Insurance",Unemployed,Mumbai,No,SMS Sent,0.9290553261876042,1,Rep_A (Top Closer)
Landing Page Submission,Organic Search,No,1,6.0,1295,3.0,SMS Sent,Marketing Management,Unemployed,Mumbai,Yes,SMS Sent,0.9289255964151462,1,Rep_A (Top Closer)
Landing Page Submission,Google,No,1,2.0,1349,2.0,SMS Sent,Media and Advertising,Unemployed,Other Cities,No,SMS Sent,0.9277115853281669,1,Rep_A (Top Closer)
Landing Page Submission,Google,No,1,3.0,1350,3.0,SMS Sent,Marketing Management,Unemployed,Thane & Outskirts,No,SMS Sent,0.92655130005603,1,Rep_A (Top Closer)
Landing Page Submission,Google,No,1,4.0,1512,4.0,SMS Sent,Retail Management,Unemployed,Mumbai,No,SMS Sent,0.9264810198297107,1,Rep_A (Top Closer)
Landing Page Submission,Google,No,0,2.0,1371,2.0,SMS Sent,Finance Management,Unemployed,Mumbai,No,SMS Sent,0.9263420503126979,0,Rep_A (Top Closer)
Lead Add Form,Reference,No,1,3.0,876,2.0,Email Opened,Finance Management,Unemployed,Mumbai,No,Modified,0.9262494507323663,1,Rep_A (Top Closer)
Landing Page Submission,Google,No,1,3.0,1396,3.0,SMS Sent,Human Resource Management,Unemployed,Other Cities of Maharashtra,No,SMS Sent,0.9260975913926767,1,Rep_A (Top Closer)
API,Direct Traffic,No,1,2.0,1441,2.0,SMS Sent,IT Projects Management,Working Professional,Mumbai,No,SMS Sent,0.9258448899033891,1,Rep_A (Top Closer)
Landing Page Submission,Direct Traffic,No,1,5.0,959,2.5,SMS Sent,Human Resource Management,Working Professional,Tier II Cities,No,SMS Sent,0.925796857030636,1,Rep_A (Top Closer)
Landing Page Submission,Google,No,1,4.0,1280,2.0,Email Opened,Operations Management,Working Professional,Other Metro Cities,No,Modified,0.925035537606323,1,Rep_A (Top Closer)
Landing Page Submission,Google,No,1,4.0,1416,4.0,SMS Sent,Human Resource Management,Unemployed,Thane & Outskirts,No,SMS Sent,0.9246059687077456,1,Rep_A (Top Closer)
Lead Add Form,Welingak Website,No,1,0.0,0,0.0,SMS Sent,Finance Management,Unemployed,Mumbai,No,Modified,0.9244327359310884,1,Rep_A (Top Closer)
Lead Add Form,Welingak Website,No,1,0.0,0,0.0,SMS Sent,Finance Management,Unemployed,Mumbai,No,Modified,0.9244327359310884,1,Rep_A (Top Closer)
Lead Add Form,Welingak Website,No,1,0.0,0,0.0,SMS Sent,Finance Management,Unemployed,Mumbai,No,Modified,0.9244327359310884,1,Rep_A (Top Closer)
Lead Add Form,Welingak Website,No,1,0.0,0,0.0,SMS Sent,Finance Management,Unemployed,Mumbai,No,Modified,0.9244327359310884,1,Rep_A (Top Closer)
Landing Page Submission,Google,No,0,7.0,1939,2.33,Email Opened,Media and Advertising,Unemployed,Mumbai,No,Email Opened,0.9242449703772226,0,Rep_A (Top Closer)
Landing Page Submission,Direct Traffic,No,1,4.0,1503,2.0,SMS Sent,Finance Management,Unemployed,Mumbai,No,SMS Sent,0.9233109577581796,1,Rep_A (Top Closer)
Lead Add Form,Reference,No,0,3.0,278,2.0,Email Opened,Human Resource Management,Working Professional,Thane & Outskirts,No,Modified,0.9229661328319728,0,Rep_A (Top Closer)
Landing Page Submission,Direct Traffic,No,1,2.0,1651,2.0,SMS Sent,International Business,Unemployed,Other Cities of Maharashtra,Yes,SMS Sent,0.9224368995261344,1,Rep_A (Top Closer)
Landing Page Submission,Google,No,1,4.0,1494,4.0,SMS Sent,Finance Management,Unemployed,Mumbai,No,SMS Sent,0.9222902882405296,1,Rep_A (Top Closer)
Landing Page Submission,bing,No,1,3.0,399,3.0,SMS Sent,Media and Advertising,Unemployed,Mumbai,No,SMS Sent,0.9219426259099875,1,Rep_A (Top Closer)
Landing Page Submission,Google,No,1,2.0,1318,2.0,SMS Sent,Supply Chain Management,Unemployed,Mumbai,No,SMS Sent,0.9212805647863125,1,Rep_A (Top Closer)
API,Google,No,1,2.0,1639,1.0,SMS Sent,Finance Management,Unemployed,Mumbai,No,SMS Sent,0.9207885407314281,1,Rep_A (Top Closer)
Lead Add Form,Reference,No,1,1.0,1054,1.0,Email Opened,Operations Management,Unemployed,Mumbai,Yes,Email Opened,0.9201783406397145,1,Rep_A (Top Closer)
Landing Page Submission,Direct Traffic,No,0,3.0,1678,1.5,Page Visited on Website,Operations Management,Unemployed,Tier II Cities,Yes,Page Visited on Website,0.9201130031282411,0,Rep_A (Top Closer)
Landing Page Submission,Direct Traffic,No,1,24.0,1500,2.0,Page Visited on Website,Finance Management,Unemployed,Mumbai,No,Page Visited on Website,0.9190491092895454,1,Rep_A (Top Closer)
API,Olark Chat,No,1,3.0,1580,1.0,Page Visited on Website,Finance Management,Unemployed,Mumbai,No,Modified,0.9180661964953707,1,Rep_A (Top Closer)
Landing Page Submission,Direct Traffic,No,1,4.0,1300,4.0,SMS Sent,Finance Management,Working Professional,Other Cities of Maharashtra,Yes,SMS Sent,0.917985221885765,1,Rep_A (Top Closer)
Landing Page Submission,Organic Search,Yes,1,4.0,1866,4.0,Unsubscribed,Media and Advertising,Unemployed,Mumbai,Yes,Unsubscribed,0.9169426091929378,1,Rep_A (Top Closer)
Lead Add Form,Reference,Yes,1,3.0,1606,2.0,Email Bounced,Finance Management,Unemployed,Thane & Outskirts,No,Modified,0.9165643903418356,1,Rep_A (Top Closer)
Landing Page Submission,Direct Traffic,No,1,2.0,1666,2.0,SMS Sent,Business Administration,Unemployed,Mumbai,Yes,SMS Sent,0.9164096879257096,1,Rep_A (Top Closer)
Landing Page Submission,Direct Traffic,No,1,2.0,1575,2.0,SMS Sent,Hospitality Management,Unemployed,Other Metro Cities,Yes,SMS Sent,0.9139201387590337,1,Rep_A (Top Closer)
API,Organic Search,No,0,5.0,1841,5.0,Olark Chat Conversation,Finance Management,Unemployed,Mumbai,No,Modified,0.9138091249533724,0,Rep_A (Top Closer)
Landing Page Submission,Direct Traffic,No,1,5.0,1323,5.0,SMS Sent,Travel and Tourism,Working Professional,Other Cities of Maharashtra,Yes,SMS Sent,0.9125919164126827,1,Rep_A (Top Closer)
Landing Page Submission,Organic Search,No,1,3.0,644,3.0,SMS Sent,Travel and Tourism,Working Professional,Other Metro Cities,Yes,SMS Sent,0.9124886612188869,1,Rep_A (Top Closer)
Landing Page Submission,Direct Traffic,No,1,2.0,1152,2.0,SMS Sent,Finance Management,Working Professional,Mumbai,Yes,SMS Sent,0.9117070467032463,1,Rep_A (Top Closer)
Landing Page Submission,Google,No,1,5.0,1464,5.0,SMS Sent,International Business,Unemployed,Other Cities,No,SMS Sent,0.9107332970320959,1,Rep_A (Top Closer)
Landing Page Submission,Google,No,1,5.0,1489,5.0,SMS Sent,Human Resource Management,Unemployed,Mumbai,No,SMS Sent,0.9106733124409452,1,Rep_A (Top Closer)
Lead Add Form,Welingak Website,No,1,3.0,429,2.0,Email Opened,Finance Management,Unemployed,Mumbai,No,Modified,0.90975470279983,1,Rep_A (Top Closer)
Landing Page Submission,Google,No,1,8.0,1391,2.67,Email Opened,Business Administration,Working Professional,Mumbai,No,Email Opened,0.9086282306806488,1,Rep_A (Top Closer)
Landing Page Submission,Direct Traffic,No,0,2.0,1601,2.0,SMS Sent,Operations Management,Unemployed,Mumbai,Yes,SMS Sent,0.908562558302231,0,Rep_A (Top Closer)
API,Olark Chat,No,0,1.0,1471,1.0,Page Visited on Website,Finance Management,Unemployed,Mumbai,No,Page Visited on Website,0.9073739307963767,0,Rep_A (Top Closer)
Landing Page Submission,Google,No,0,4.0,1663,4.0,Olark Chat Conversation,Finance Management,Unemployed,Mumbai,No,Modified,0.9063098989685803,0,Rep_A (Top Closer)
Landing Page Submission,Direct Traffic,No,1,4.0,1252,2.0,Page Visited on Website,Supply Chain Management,Working Professional,Mumbai,Yes,Page Visited on Website,0.9062624964348253,1,Rep_A (Top Closer)
Landing Page Submission,Direct Traffic,No,1,25.0,1569,2.08,Email Opened,Business Administration,Working Professional,Mumbai,Yes,Email Opened,0.9057770100865532,1,Rep_A (Top Closer)
Landing Page Submission,Organic Search,No,1,14.0,1495,7.0,Page Visited on Website,Travel and Tourism,Unemployed,Other Metro Cities,Yes,Page Visited on Website,0.9044653910811776,1,Rep_A (Top Closer)
Landing Page Submission,Google,No,0,3.0,1412,3.0,SMS Sent,Finance Management,Unemployed,Mumbai,No,Modified,0.9044022007902354,0,Rep_A (Top Closer)
Lead Add Form,Reference,No,1,0.0,0,0.0,SMS Sent,Finance Management,Unemployed,Thane & Outskirts,No,SMS Sent,0.9034302120478748,1,Rep_A (Top Closer)
Lead Add Form,Welingak Website,No,1,0.0,0,0.0,Olark Chat Conversation,Finance Management,Unemployed,Mumbai,No,Olark Chat Conversation,0.903382204969521,1,Rep_A (Top Closer)
Lead Add Form,Reference,No,1,0.0,0,0.0,SMS Sent,Business Administration,Unemployed,Thane & Outskirts,No,SMS Sent,0.9027164874957992,1,Rep_A (Top Closer)
Lead Add Form,Reference,No,1,0.0,0,0.0,SMS Sent,"Banking, Investment And Insurance",Unemployed,Thane & Outskirts,No,SMS Sent,0.902477535367516,1,Rep_A (Top Closer)
Landing Page Submission,Google,No,1,9.0,1339,3.0,Form Submitted on Website,Human Resource Management,Working Professional,Mumbai,Yes,Modified,0.9020704483951255,1,Rep_A (Top Closer)
Landing Page Submission,Direct Traffic,No,1,2.0,855,2.0,SMS Sent,Supply Chain Management,Working Professional,Other Cities,No,SMS Sent,0.9007940617311456,1,Rep_A (Top Closer)
API,Organic Search,No,0,2.0,1370,2.0,SMS Sent,Finance Management,Unemployed,Mumbai,No,Modified,0.9007310374149096,0,Rep_A (Top Closer)
Landing Page Submission,Direct Traffic,No,1,2.0,1271,2.0,SMS Sent,Operations Management,Unemployed,Thane & Outskirts,No,SMS Sent,0.9005876746130941,1,Rep_A (Top Closer)
API,Google,No,1,4.0,1524,1.33,SMS Sent,Finance Management,Unemployed,Mumbai,No,SMS Sent,0.9001770320279358,1,Rep_A (Top Closer)
Landing Page Submission,Google,No,1,3.0,1286,3.0,SMS Sent,Finance Management,Unemployed,Thane & Outskirts,No,Modified,0.8981687644116642,1,Rep_A (Top Closer)
Landing Page Submission,Organic Search,No,0,2.0,1449,2.0,Converted to Lead,Finance Management,Unemployed,Tier II Cities,No,Modified,0.8977645171326261,0,Rep_A (Top Closer)
Landing Page Submission,Google,No,0,8.0,1472,2.67,Olark Chat Conversation,E-COMMERCE,Unemployed,Mumbai,No,Modified,0.8967569616167389,0,Rep_A (Top Closer)
Landing Page Submission,Direct Traffic,No,1,2.0,1019,2.0,SMS Sent,Finance Management,Working Professional,Other Cities of Maharashtra,Yes,SMS Sent,0.8967411631205453,1,Rep_A (Top Closer)
Landing Page Submission,Google,No,1,2.0,1122,2.0,SMS Sent,Media and Advertising,Unemployed,Other Cities of Maharashtra,No,SMS Sent,0.8955636232544287,1,Rep_A (Top Closer)
Lead Add Form,Welingak Website,No,1,3.0,346,2.0,Email Opened,Finance Management,Unemployed,Mumbai,No,Modified,0.8953796947220737,1,Rep_A (Top Closer)
API,Google,No,1,2.0,1101,1.0,SMS Sent,Marketing Management,Working Professional,Mumbai,No,Modified,0.8946137799310028,1,Rep_A (Top Closer)
Landing Page Submission,Direct Traffic,No,1,2.0,1521,2.0,SMS Sent,Operations Management,Unemployed,Mumbai,Yes,SMS Sent,0.8945791988925008,1,Rep_A (Top Closer)
API,Organic Search,No,1,4.0,1379,4.0,SMS Sent,Finance Management,Unemployed,Mumbai,No,SMS Sent,0.8945266547223197,1,Rep_A (Top Closer)
Landing Page Submission,welearnblog_Home,No,0,2.0,368,2.0,Email Opened,Marketing Management,Unemployed,Other Cities of Maharashtra,No,Email Opened,0.8931558373137294,0,Rep_A (Top Closer)
Landing Page Submission,Google,No,0,8.0,1361,2.67,SMS Sent,Marketing Management,Unemployed,Mumbai,Yes,SMS Sent,0.8927895437679125,0,Rep_A (Top Closer)
API,Google,No,1,2.0,1461,2.0,SMS Sent,Finance Management,Unemployed,Thane & Outskirts,No,SMS Sent,0.8925123484421014,1,Rep_A (Top Closer)
API,Google,No,1,13.0,1667,4.33,SMS Sent,Finance Management,Unemployed,Mumbai,No,SMS Sent,0.8920064971661396,1,Rep_A (Top Closer)
Landing Page Submission,Organic Search,No,1,14.0,969,2.8,SMS Sent,Human Resource Management,Unemployed,Other Cities,Yes,SMS Sent,0.8913291526970595,1,Rep_A (Top Closer)
Landing Page Submission,Organic Search,No,0,4.0,1255,4.0,SMS Sent,Travel and Tourism,Unemployed,Mumbai,Yes,Modified,0.8913267546187725,0,Rep_A (Top Closer)
API,Organic Search,No,1,5.0,1229,2.5,SMS Sent,Finance Management,Unemployed,Mumbai,No,SMS Sent,0.8910101679463396,1,Rep_A (Top Closer)
API,Google,No,1,2.0,1528,2.0,SMS Sent,Marketing Management,Unemployed,Mumbai,No,SMS Sent,0.8896004874004819,1,Rep_A (Top Closer)
API,Organic Search,No,1,6.0,1201,3.0,SMS Sent,Media and Advertising,Unemployed,Other Cities of Maharashtra,No,SMS Sent,0.8895088668186685,1,Rep_A (Top Closer)
Landing Page Submission,Google,No,1,6.0,1424,6.0,SMS Sent,E-Business,Unemployed,Other Cities,No,SMS Sent,0.8883901618141253,1,Rep_A (Top Closer)
API,Olark Chat,No,0,2.0,1192,2.0,SMS Sent,Business Administration,Unemployed,Thane & Outskirts,No,SMS Sent,0.8883842790555804,0,Rep_A (Top Closer)
Lead Add Form,Reference,No,1,0.0,0,0.0,SMS Sent,Marketing Management,Unemployed,Mumbai,No,SMS Sent,0.8883270081504452,1,Rep_A (Top Closer)
Landing Page Submission,Google,No,1,4.0,1286,4.0,SMS Sent,Human Resource Management,Unemployed,Mumbai,No,SMS Sent,0.8881233866189158,1,Rep_A (Top Closer)
Lead Add Form,Reference,No,0,0.0,0,0.0,SMS Sent,International Business,Unemployed,Mumbai,No,SMS Sent,0.8880570948411826,0,Rep_A (Top Closer)
Landing Page Submission,Direct Traffic,No,0,2.0,1995,2.0,Email Opened,Operations Management,Unemployed,Thane & Outskirts,Yes,Email Opened,0.8878177305483248,0,Rep_A (Top Closer)
Lead Add Form,Reference,No,1,0.0,0,0.0,SMS Sent,Human Resource Management,Unemployed,Mumbai,No,SMS Sent,0.8875155575040983,1,Rep_A (Top Closer)
Lead Add Form,Reference,No,1,0.0,0,0.0,SMS Sent,Human Resource Management,Unemployed,Mumbai,No,SMS Sent,0.8875155575040983,1,Rep_A (Top Closer)
Landing Page Submission,Direct Traffic,No,1,3.0,1277,3.0,SMS Sent,Operations Management,Unemployed,Thane & Outskirts,No,SMS Sent,0.887486615416351,1,Rep_A (Top Closer)
API,Google,No,1,4.0,1453,1.33,SMS Sent,Finance Management,Unemployed,Mumbai,No,SMS Sent,0.8868671222790832,1,Rep_A (Top Closer)
Lead Add Form,Reference,No,1,0.0,0,0.0,SMS Sent,Finance Management,Unemployed,Mumbai,No,SMS Sent,0.8866989626386353,1,Rep_A (Top Closer)
Lead Add Form,Reference,No,1,0.0,0,0.0,SMS Sent,Finance Management,Unemployed,Mumbai,No,SMS Sent,0.8866989626386353,1,Rep_A (Top Closer)
Lead Add Form,Reference,No,1,0.0,0,0.0,SMS Sent,Finance Management,Unemployed,Mumbai,No,SMS Sent,0.8866989626386353,1,Rep_A (Top Closer)
Lead Add Form,Reference,No,1,0.0,0,0.0,SMS Sent,Finance Management,Unemployed,Mumbai,No,SMS Sent,0.8866989626386353,1,Rep_A (Top Closer)
Lead Add Form,Reference,No,1,0.0,0,0.0,SMS Sent,Finance Management,Unemployed,Mumbai,No,SMS Sent,0.8866989626386353,1,Rep_A (Top Closer)
Lead Add Form,Reference,No,1,0.0,0,0.0,SMS Sent,Finance Management,Unemployed,Mumbai,No,SMS Sent,0.8866989626386353,1,Rep_A (Top Closer)
Lead Add Form,Reference,No,1,0.0,0,0.0,SMS Sent,Finance Management,Unemployed,Mumbai,No,SMS Sent,0.8866989626386353,1,Rep_A (Top Closer)
Lead Add Form,Reference,No,1,0.0,0,0.0,SMS Sent,Finance Management,Unemployed,Mumbai,No,SMS Sent,0.8866989626386353,1,Rep_A (Top Closer)
Lead Add Form,Reference,No,1,0.0,0,0.0,SMS Sent,Finance Management,Unemployed,Mumbai,No,SMS Sent,0.8866989626386353,1,Rep_A (Top Closer)
Lead Add Form,Reference,No,1,0.0,0,0.0,SMS Sent,Finance Management,Unemployed,Mumbai,No,SMS Sent,0.8866989626386353,1,Rep_A (Top Closer)
Lead Add Form,Reference,No,1,0.0,0,0.0,SMS Sent,Finance Management,Unemployed,Mumbai,No,SMS Sent,0.8866989626386353,1,Rep_A (Top Closer)
Lead Add Form,Reference,No,0,0.0,0,0.0,SMS Sent,Finance Management,Unemployed,Mumbai,No,SMS Sent,0.8866989626386353,0,Rep_A (Top Closer)
Lead Add Form,Reference,No,1,0.0,0,0.0,SMS Sent,Finance Management,Unemployed,Mumbai,No,SMS Sent,0.8866989626386353,1,Rep_A (Top Closer)
Lead Add Form,Reference,No,1,0.0,0,0.0,SMS Sent,Finance Management,Unemployed,Mumbai,No,SMS Sent,0.8866989626386353,1,Rep_A (Top Closer)
Landing Page Submission,Google,No,1,5.0,1388,1.67,SMS Sent,Business Administration,Unemployed,Mumbai,Yes,Modified,0.8865898993573893,1,Rep_A (Top Closer)
Landing Page Submission,Google,No,1,7.0,1010,2.33,SMS Sent,Services Excellence,Unemployed,Thane & Outskirts,No,SMS Sent,0.8850832181699039,1,Rep_A (Top Closer)
Landing Page Submission,Google,No,0,2.0,1124,2.0,SMS Sent,"Banking, Investment And Insurance",Unemployed,Mumbai,No,SMS Sent,0.884288674797607,0,Rep_A (Top Closer)
API,Direct Traffic,No,1,3.0,1270,3.0,SMS Sent,Finance Management,Working Professional,Mumbai,No,SMS Sent,0.8835061192975154,1,Rep_A (Top Closer)
Landing Page Submission,Direct Traffic,No,0,2.0,1603,2.0,Page Visited on Website,"Banking, Investment And Insurance",Unemployed,Thane & Outskirts,Yes,Modified,0.8824325319831015,0,Rep_A (Top Closer)
API,Google,No,1,2.0,1488,2.0,SMS Sent,Operations Management,Unemployed,Mumbai,No,SMS Sent,0.8821755303213425,1,Rep_A (Top Closer)
Landing Page Submission,Direct Traffic,No,1,2.0,1579,2.0,Email Opened,Media and Advertising,Working Professional,Mumbai,Yes,Email Opened,0.8821282302947346,1,Rep_A (Top Closer)
Landing Page Submission,Google,No,0,2.0,1014,2.0,SMS Sent,Finance Management,Unemployed,Thane & Outskirts,No,SMS Sent,0.881429437621222,0,Rep_A (Top Closer)
API,Google,No,0,2.0,1622,2.0,Page Visited on Website,Finance Management,Unemployed,Thane & Outskirts,No,Modified,0.8812083915859023,0,Rep_A (Top Closer)
API,Google,No,0,3.0,1562,1.0,Page Visited on Website,Finance Management,Unemployed,Mumbai,No,Page Visited on Website,0.8799550129653957,0,Rep_A (Top Closer)
Landing Page Submission,Google,No,1,9.0,1638,9.0,Email Opened,Business Administration,Working Professional,Mumbai,No,Modified,0.8782852669308422,1,Rep_A (Top Closer)
Landing Page Submission,Google,No,1,8.0,1148,4.0,Page Visited on Website,Business Administration,Working Professional,Mumbai,Yes,Modified,0.8778975783610214,1,Rep_A (Top Closer)
Landing Page Submission,Direct Traffic,No,0,5.0,1675,5.0,SMS Sent,Finance Management,Unemployed,Mumbai,Yes,SMS Sent,0.8775665411805071,0,Rep_A (Top Closer)
Landing Page Submission,Direct Traffic,No,1,1.0,1320,1.0,Email Bounced,Marketing Management,Working Professional,Other Cities,No,Modified,0.8772628815037439,1,Rep_A (Top Closer)
Landing Page Submission,Organic Search,No,1,7.0,1087,7.0,SMS Sent,E-Business,Unemployed,Other Cities of Maharashtra,No,SMS Sent,0.8771720719208107,1,Rep_A (Top Closer)
Landing Page Submission,Direct Traffic,No,1,2.0,857,2.0,SMS Sent,Marketing Management,Working Professional,Thane & Outskirts,Yes,SMS Sent,0.8751735987506691,1,Rep_A (Top Closer)
Landing Page Submission,Organic Search,No,0,4.0,1060,4.0,SMS Sent,Business Administration,Unemployed,Other Cities,Yes,SMS Sent,0.8739234256412369,0,Rep_A (Top Closer)
Landing Page Submission,Google,No,1,3.0,1618,1.5,Email Link Clicked,Finance Management,Unemployed,Mumbai,No,Modified,0.8734029273829788,1,Rep_A (Top Closer)
Landing Page Submission,Direct Traffic,No,0,2.0,1417,2.0,SMS Sent,Media and Advertising,Unemployed,Mumbai,Yes,SMS Sent,0.8733064881073714,0,Rep_A (Top Closer)
Landing Page Submission,Organic Search,No,1,5.0,1250,5.0,Email Opened,E-COMMERCE,Working Professional,Other Cities,Yes,Email Opened,0.8731068637532019,1,Rep_A (Top Closer)
Landing Page Submission,Direct Traffic,No,1,2.0,1436,2.0,SMS Sent,Finance Management,Unemployed,Thane & Outskirts,Yes,Modified,0.8712622489239424,1,Rep_A (Top Closer)
Landing Page Submission,Google,No,1,3.0,1127,3.0,SMS Sent,IT Projects Management,Unemployed,Mumbai,No,SMS Sent,0.8711382523089588,1,Rep_A (Top Closer)
Landing Page Submission,Organic Search,No,0,7.0,1202,7.0,SMS Sent,Business Administration,Unemployed,Thane & Outskirts,Yes,SMS Sent,0.8698035822062762,0,Rep_A (Top Closer)
Landing Page Submission,Direct Traffic,No,1,2.0,1439,2.0,Email Opened,Healthcare Management,Working Professional,Thane & Outskirts,Yes,Email Opened,0.8697478685324888,1,Rep_A (Top Closer)
API,Google,No,0,2.0,1440,2.0,SMS Sent,Finance Management,Unemployed,Mumbai,No,SMS Sent,0.869524627419891,0,Rep_A (Top Closer)
API,Google,No,1,3.0,1516,3.0,SMS Sent,Finance Management,Unemployed,Mumbai,No,SMS Sent,0.8694835710451868,1,Rep_A (Top Closer)
Landing Page Submission,Google,No,0,4.0,1805,4.0,Email Opened,"Banking, Investment And Insurance",Unemployed,Mumbai,No,Email Opened,0.8691235656014301,0,Rep_A (Top Closer)
Landing Page Submission,Google,No,0,4.0,1708,4.0,Email Opened,Business Administration,Unemployed,Thane & Outskirts,No,Email Opened,0.8679638586011015,0,Rep_A (Top Closer)
Landing Page Submission,Google,No,1,9.0,1316,4.5,Email Opened,Finance Management,Working Professional,Mumbai,No,Email Opened,0.8665712063801134,1,Rep_A (Top Closer)
Landing Page Submission,Google,No,0,6.0,1353,6.0,Email Opened,"Banking, Investment And Insurance",Working Professional,Mumbai,No,Modified,0.8655549824388937,0,Rep_A (Top Closer)
Landing Page Submission,Direct Traffic,No,1,5.0,1047,5.0,SMS Sent,Business Administration,Working Professional,Thane & Outskirts,Yes,SMS Sent,0.8637731649611158,1,Rep_A (Top Closer)
Lead Add Form,Reference,No,1,0.0,0,0.0,SMS Sent,Finance Management,Unemployed,Mumbai,No,Modified,0.8632058693262431,1,Rep_A (Top Closer)
Lead Add Form,Reference,No,1,0.0,0,0.0,SMS Sent,Finance Management,Unemployed,Mumbai,No,Modified,0.8632058693262431,1,Rep_A (Top Closer)
Lead Add Form,Reference,No,0,0.0,0,0.0,SMS Sent,Finance Management,Unemployed,Mumbai,No,Modified,0.8632058693262431,0,Rep_A (Top Closer)
Lead Add Form,Reference,No,1,0.0,0,0.0,SMS Sent,Finance Management,Unemployed,Mumbai,No,Modified,0.8632058693262431,1,Rep_A (Top Closer)
Lead Add Form,Reference,No,1,0.0,0,0.0,SMS Sent,Finance Management,Unemployed,Mumbai,No,Modified,0.8632058693262431,1,Rep_A (Top Closer)
Lead Add Form,Reference,No,1,0.0,0,0.0,Email Link Clicked,Marketing Management,Working Professional,Mumbai,No,Modified,0.862549848477647,1,Rep_A (Top Closer)
Lead Add Form,Reference,No,1,0.0,0,0.0,Email Opened,Marketing Management,Working Professional,Mumbai,No,Email Opened,0.8625239973473584,1,Rep_A (Top Closer)
Landing Page Submission,Organic Search,No,0,4.0,1410,4.0,Email Opened,Travel and Tourism,Unemployed,Thane & Outskirts,Yes,Modified,0.8624615966114185,0,Rep_A (Top Closer)
Landing Page Submission,Google,No,0,5.0,1230,5.0,SMS Sent,Services Excellence,Unemployed,Mumbai,No,SMS Sent,0.8620831646920899,0,Rep_A (Top Closer)
Lead Add Form,Reference,No,1,0.0,0,0.0,SMS Sent,"Banking, Investment And Insurance",Unemployed,Mumbai,No,Modified,0.8619170240644829,1,Rep_A (Top Closer)
Lead Add Form,Reference,No,1,0.0,0,0.0,Email Opened,Human Resource Management,Working Professional,Mumbai,No,Email Opened,0.8615542747373796,1,Rep_A (Top Closer)
Lead Add Form,Reference,No,1,0.0,0,0.0,Email Opened,Human Resource Management,Working Professional,Mumbai,No,Email Opened,0.8615542747373796,1,Rep_A (Top Closer)
Lead Add Form,Reference,No,1,0.0,0,0.0,Email Opened,Finance Management,Working Professional,Mumbai,No,Email Opened,0.8605788176081781,1,Rep_A (Top Closer)
Landing Page Submission,Google,No,0,2.0,1446,2.0,Email Opened,Marketing Management,Unemployed,Other Cities of Maharashtra,No,Modified,0.8602426870271173,0,Rep_A (Top Closer)
Landing Page Submission,Direct Traffic,No,1,2.0,1328,2.0,SMS Sent,Supply Chain Management,Unemployed,Other Cities,Yes,SMS Sent,0.8597427559377347,1,Rep_A (Top Closer)
API,Google,No,1,2.0,1556,1.0,Olark Chat Conversation,Marketing Management,Unemployed,Other Cities,No,Modified,0.8596549658393839,1,Rep_A (Top Closer)
Landing Page Submission,Google,No,1,2.0,1608,2.0,Email Link Clicked,"Banking, Investment And Insurance",Unemployed,Mumbai,No,Modified,0.8588052833932469,1,Rep_A (Top Closer)
Landing Page Submission,Organic Search,No,1,10.0,1435,10.0,Email Opened,Finance Management,Working Professional,Other Cities of Maharashtra,Yes,Modified,0.8587379160752371,1,Rep_A (Top Closer)
API,Google,No,1,2.0,1310,1.0,SMS Sent,Finance Management,Unemployed,Mumbai,No,SMS Sent,0.858646598986075,1,Rep_A (Top Closer)
API,Organic Search,No,1,7.0,1157,2.33,SMS Sent,Finance Management,Unemployed,Mumbai,No,Modified,0.8579809247691693,1,Rep_A (Top Closer)
API,Organic Search,No,1,7.0,998,1.75,SMS Sent,Finance Management,Unemployed,Mumbai,No,SMS Sent,0.8575681844292854,1,Rep_A (Top Closer)
Landing Page Submission,Google,No,1,4.0,981,2.0,Email Opened,Operations Management,Working Professional,Mumbai,No,Modified,0.8568201817367241,1,Rep_A (Top Closer)
Landing Page Submission,Organic Search,No,0,3.0,986,3.0,Unreachable,"Banking, Investment And Insurance",Unemployed,Mumbai,Yes,Modified,0.8563530346933927,0,Rep_A (Top Closer)
Landing Page Submission,Direct Traffic,No,1,5.0,803,2.5,SMS Sent,Finance Management,Working Professional,Thane & Outskirts,Yes,SMS Sent,0.8560990578491612,1,Rep_A (Top Closer)
Landing Page Submission,Direct Traffic,No,1,2.0,831,2.0,SMS Sent,Business Administration,Working Professional,Other Cities of Maharashtra,Yes,SMS Sent,0.8560063668377323,1,Rep_A (Top Closer)
API,Google,No,0,2.0,1570,1.0,Olark Chat Conversation,Finance Management,Unemployed,Mumbai,No,Modified,0.8555879341385879,0,Rep_A (Top Closer)
API,Google,No,1,2.0,1378,2.0,SMS Sent,Finance Management,Unemployed,Mumbai,No,SMS Sent,0.855010863638675,1,Rep_A (Top Closer)
Lead Add Form,Welingak Website,No,1,0.0,0,0.0,Email Opened,Finance Management,Unemployed,Mumbai,No,Modified,0.8521338791485173,1,Rep_A (Top Closer)
API,Google,No,0,2.0,1553,1.0,Olark Chat Conversation,Finance Management,Unemployed,Mumbai,No,Modified,0.8513947411744937,0,Rep_A (Top Closer)
Lead Add Form,Welingak Website,No,1,0.0,0,0.0,Email Opened,Business Administration,Unemployed,Mumbai,No,Modified,0.851103519006862,1,Rep_A (Top Closer)
API,Organic Search,No,0,6.0,1439,6.0,SMS Sent,Finance Management,Unemployed,Mumbai,No,Modified,0.850730772325074,0,Rep_A (Top Closer)
Landing Page Submission,Organic Search,No,1,13.0,1226,6.5,SMS Sent,Marketing Management,Unemployed,Mumbai,Yes,Modified,0.8507044710826602,1,Rep_A (Top Closer)
Lead Add Form,Welingak Website,No,1,0.0,0,0.0,Email Opened,Operations Management,Unemployed,Thane & Outskirts,No,Email Opened,0.850226007351202,1,Rep_A (Top Closer)
Landing Page Submission,Google,No,1,7.0,1662,3.5,Email Opened,"Banking, Investment And Insurance",Unemployed,Mumbai,No,Email Opened,0.8498614220160827,1,Rep_A (Top Closer)
Landing Page Submission,Google,No,1,6.0,1806,3.0,Email Opened,Human Resource Management,Unemployed,Mumbai,Yes,Email Opened,0.8487625483554949,1,Rep_A (Top Closer)
API,Google,No,1,2.0,1349,2.0,SMS Sent,Finance Management,Unemployed,Mumbai,No,SMS Sent,0.8477739357443514,1,Rep_A (Top Closer)
Landing Page Submission,Google,No,1,3.0,1637,3.0,Email Opened,"Banking, Investment And Insurance",Unemployed,Mumbai,No,Email Opened,0.8471092419710151,1,Rep_A (Top Closer)
Landing Page Submission,Google,No,1,3.0,535,3.0,SMS Sent,Supply Chain Management,Working Professional,Mumbai,No,SMS Sent,0.8469533856834612,1,Rep_A (Top Closer)
Landing Page Submission,Google,No,1,5.0,1287,5.0,SMS Sent,Human Resource Management,Unemployed,Mumbai,No,Modified,0.8465921982878614,1,Rep_A (Top Closer)
Landing Page Submission,Organic Search,No,1,6.0,1297,2.0,Email Opened,Supply Chain Management,Unemployed,Other Metro Cities,Yes,Email Opened,0.8461749622500133,1,Rep_A (Top Closer)
Landing Page Submission,Google,No,1,3.0,1134,3.0,SMS Sent,Hospitality Management,Unemployed,Mumbai,No,Modified,0.8460762814153049,1,Rep_A (Top Closer)
Landing Page Submission,Google,No,0,4.0,1101,4.0,SMS Sent,Hospitality Management,Unemployed,Mumbai,No,SMS Sent,0.8460627375562197,0,Rep_A (Top Closer)
Landing Page Submission,Google,No,1,3.0,1033,3.0,SMS Sent,"Banking, Investment And Insurance",Unemployed,Mumbai,No,SMS Sent,0.8460413156317029,1,Rep_A (Top Closer)
Landing Page Submission,Google,No,0,2.0,1410,2.0,Email Opened,Finance Management,Unemployed,Other Cities,No,Modified,0.8436134400479092,0,Rep_A (Top Closer)
Landing Page Submission,Organic Search,Yes,1,8.0,1485,4.0,Unsubscribed,Finance Management,Unemployed,Mumbai,Yes,Unsubscribed,0.8435489125293857,1,Rep_A (Top Closer)
Landing Page Submission,Organic Search,No,1,10.0,1337,10.0,SMS Sent,Finance Management,Unemployed,Other Metro Cities,Yes,SMS Sent,0.8426676874747787,1,Rep_A (Top Closer)
Landing Page Submission,Google,No,0,4.0,1524,2.0,Email Opened,Finance Management,Unemployed,Mumbai,No,Email Opened,0.8425521548871854,0,Rep_A (Top Closer)
Lead Import,Facebook,No,0,3.0,342,2.0,SMS Sent,Finance Management,Unemployed,Mumbai,No,Modified,0.8425018486592761,0,Rep_A (Top Closer)
API,Google,No,1,2.0,1241,1.0,SMS Sent,Finance Management,Unemployed,Mumbai,No,SMS Sent,0.8413061356349792,1,Rep_A (Top Closer)
API,Organic Search,No,0,7.0,1531,1.75,Email Opened,Finance Management,Unemployed,Mumbai,No,Email Opened,0.8406936645451825,0,Rep_A (Top Closer)
Landing Page Submission,Organic Search,No,1,5.0,1406,2.5,Email Opened,Finance Management,Unemployed,Mumbai,Yes,Email Opened,0.8399793742394595,1,Rep_A (Top Closer)
Landing Page Submission,Direct Traffic,Yes,1,9.0,1296,2.25,SMS Sent,Media and Advertising,Working Professional,Mumbai,No,SMS Sent,0.8377398690352488,1,Rep_A (Top Closer)
Landing Page Submission,Direct Traffic,No,1,4.0,1425,4.0,SMS Sent,IT Projects Management,Unemployed,Mumbai,Yes,SMS Sent,0.8372041084425039,1,Rep_A (Top Closer)
Lead Add Form,Reference,No,0,0.0,0,0.0,Page Visited on Website,Human Resource Management,Unemployed,Mumbai,No,Modified,0.8368898824781003,0,Rep_A (Top Closer)
Lead Add Form,Welingak Website,No,1,0.0,0,0.0,Email Opened,Human Resource Management,Unemployed,Other Cities of Maharashtra,No,Email Opened,0.8366549694784827,1,Rep_A (Top Closer)
API,Organic Search,No,1,7.0,1061,3.5,SMS Sent,Finance Management,Unemployed,Mumbai,No,SMS Sent,0.8365663185953888,1,Rep_A (Top Closer)
API,Referral Sites,No,1,5.0,865,1.67,Olark Chat Conversation,"Banking, Investment And Insurance",Unemployed,Mumbai,No,Modified,0.8364727494313343,1,Rep_A (Top Closer)
Landing Page Submission,Google,No,1,11.0,1107,2.75,SMS Sent,Finance Management,Unemployed,Mumbai,Yes,SMS Sent,0.8361107305724658,1,Rep_A (Top Closer)
Landing Page Submission,Google,No,1,6.0,1069,2.0,SMS Sent,Marketing Management,Unemployed,Mumbai,Yes,SMS Sent,0.8356586038972421,1,Rep_A (Top Closer)
Lead Add Form,Click2call,No,1,2.0,928,2.0,Page Visited on Website,Human Resource Management,Unemployed,Mumbai,No,Page Visited on Website,0.8345245212324818,1,Rep_A (Top Closer)
Landing Page Submission,Organic Search,No,1,12.0,908,4.0,Email Opened,IT Projects Management,Working Professional,Other Metro Cities,Yes,Email Opened,0.8341225535901781,1,Rep_A (Top Closer)
Landing Page Submission,Google,No,1,3.0,1039,1.5,SMS Sent,Operations Management,Unemployed,Mumbai,Yes,SMS Sent,0.8339568105552091,1,Rep_A (Top Closer)
Landing Page Submission,Direct Traffic,No,0,4.0,1447,4.0,SMS Sent,Operations Management,Unemployed,Other Metro Cities,Yes,Modified,0.8334693349599808,0,Rep_A (Top Closer)
Landing Page Submission,Google,No,1,4.0,1552,4.0,Email Opened,"Banking, Investment And Insurance",Unemployed,Mumbai,No,Modified,0.8333311367927074,1,Rep_A (Top Closer)
API,Google,No,1,3.0,1341,3.0,SMS Sent,Human Resource Management,Unemployed,Other Cities,No,SMS Sent,0.8325700552037532,1,Rep_A (Top Closer)
Landing Page Submission,Google,No,1,6.0,1048,3.0,SMS Sent,Retail Management,Unemployed,Mumbai,No,Modified,0.8311800252533845,1,Rep_A (Top Closer)
Landing Page Submission,Direct Traffic,No,1,3.0,942,1.5,SMS Sent,Human Resource Management,Unemployed,Other Metro Cities,No,SMS Sent,0.8308880267505384,1,Rep_A (Top Closer)
Lead Add Form,Reference,Yes,1,0.0,0,0.0,SMS Sent,Marketing Management,Working Professional,Mumbai,No,SMS Sent,0.8305954758208293,1,Rep_A (Top Closer)
Landing Page Submission,Google,No,0,5.0,1136,2.5,Page Visited on Website,Business Administration,Unemployed,Mumbai,No,Modified,0.8303805794018688,0,Rep_A (Top Closer)
API,Organic Search,No,1,8.0,960,2.67,SMS Sent,Finance Management,Unemployed,Mumbai,No,SMS Sent,0.8296418756228195,1,Rep_A (Top Closer)
Landing Page Submission,Direct Traffic,No,1,2.0,1846,2.0,Email Opened,Human Resource Management,Unemployed,Mumbai,Yes,Email Opened,0.8295787970341595,1,Rep_A (Top Closer)
Lead Add Form,Reference,Yes,1,0.0,0,0.0,SMS Sent,Human Resource Management,Working Professional,Mumbai,No,SMS Sent,0.8294450711941743,1,Rep_A (Top Closer)
Landing Page Submission,Google,No,1,4.0,1640,4.0,Email Opened,Finance Management,Unemployed,Mumbai,No,Email Opened,0.8290075194576733,1,Rep_A (Top Closer)
Lead Add Form,Reference,No,1,1.0,145,1.0,Email Opened,E-COMMERCE,Working Professional,Mumbai,Yes,Email Opened,0.8282203588321744,1,Rep_A (Top Closer)
Landing Page Submission,Direct Traffic,No,0,4.0,1376,4.0,SMS Sent,Supply Chain Management,Unemployed,Mumbai,Yes,SMS Sent,0.8267336576333096,0,Rep_A (Top Closer)
Landing Page Submission,Direct Traffic,No,1,9.0,1390,4.5,SMS Sent,Marketing Management,Unemployed,Mumbai,Yes,SMS Sent,0.8262886783511824,1,Rep_A (Top Closer)
Landing Page Submission,Direct Traffic,No,1,3.0,1298,3.0,SMS Sent,Supply Chain Management,Unemployed,Mumbai,Yes,SMS Sent,0.8262197311792097,1,Rep_A (Top Closer)
API,Direct Traffic,No,1,13.0,1409,2.6,SMS Sent,Finance Management,Unemployed,Mumbai,No,SMS Sent,0.8256059720210395,1,Rep_A (Top Closer)
Landing Page Submission,Google,No,0,4.0,1623,4.0,Email Opened,Finance Management,Unemployed,Mumbai,No,Email Opened,0.8242011116901914,0,Rep_A (Top Closer)
API,Google,No,1,4.0,1245,2.0,SMS Sent,Finance Management,Unemployed,Mumbai,No,SMS Sent,0.8233307497293488,1,Rep_A (Top Closer)
Lead Add Form,Welingak Website,No,1,0.0,0,0.0,Email Opened,Finance Management,Unemployed,Mumbai,No,Email Opened,0.8229051201082839,1,Rep_A (Top Closer)
Lead Add Form,Welingak Website,No,1,0.0,0,0.0,Email Opened,Finance Management,Unemployed,Mumbai,No,Email Opened,0.8229051201082839,1,Rep_A (Top Closer)
Lead Add Form,Welingak Website,No,1,0.0,0,0.0,Email Opened,Finance Management,Unemployed,Mumbai,No,Email Opened,0.8229051201082839,1,Rep_A (Top Closer)
Lead Add Form,Welingak Website,No,1,0.0,0,0.0,Email Opened,Finance Management,Unemployed,Mumbai,No,Email Opened,0.8229051201082839,1,Rep_A (Top Closer)
Lead Add Form,Welingak Website,No,1,0.0,0,0.0,Email Opened,Finance Management,Unemployed,Mumbai,No,Email Opened,0.8229051201082839,1,Rep_A (Top Closer)
API,Google,No,1,2.0,1257,2.0,SMS Sent,Finance Management,Unemployed,Mumbai,No,SMS Sent,0.8228474813150912,1,Rep_A (Top Closer)
Landing Page Submission,Direct Traffic,No,1,2.0,1628,2.0,Email Opened,Human Resource Management,Unemployed,Mumbai,No,Email Opened,0.8223971265162621,1,Rep_A (Top Closer)
Landing Page Submission,Direct Traffic,No,1,2.0,1146,2.0,SMS Sent,Marketing Management,Unemployed,Other Metro Cities,Yes,SMS Sent,0.8215750750926529,1,Rep_A (Top Closer)
Landing Page Submission,Google,No,1,3.0,1052,3.0,Email Opened,IT Projects Management,Working Professional,Mumbai,No,Email Opened,0.8213847165890755,1,Rep_A (Top Closer)
API,Olark Chat,No,0,3.0,1315,1.5,Olark Chat Conversation,Finance Management,Unemployed,Other Metro Cities,Yes,Olark Chat Conversation,0.8193240578136372,0,Rep_A (Top Closer)
Landing Page Submission,Direct Traffic,No,1,6.0,1317,6.0,SMS Sent,Marketing Management,Unemployed,Mumbai,No,SMS Sent,0.8189809104930714,1,Rep_A (Top Closer)
Landing Page Submission,Direct Traffic,No,1,2.0,1677,2.0,Email Opened,Human Resource Management,Unemployed,Other Cities,Yes,Modified,0.818936745610529,1,Rep_A (Top Closer)
Landing Page Submission,Google,No,0,2.0,1552,2.0,Converted to Lead,Marketing Management,Unemployed,Mumbai,No,Modified,0.8186233522140445,0,Rep_A (Top Closer)
API,Direct Traffic,No,1,11.0,1411,1.38,Email Opened,Human Resource Management,Working Professional,Mumbai,No,Email Opened,0.8179278310803302,1,Rep_A (Top Closer)
Landing Page Submission,Google,No,1,2.0,849,2.0,SMS Sent,Finance Management,Unemployed,Mumbai,No,SMS Sent,0.8178825696341946,1,Rep_A (Top Closer)
Lead Add Form,Reference,No,1,0.0,0,0.0,Email Link Clicked,Finance Management,Working Professional,Mumbai,No,Email Link Clicked,0.8171866959317982,1,Rep_A (Top Closer)
Landing Page Submission,Direct Traffic,No,1,4.0,1559,4.0,Email Opened,Human Resource Management,Unemployed,Thane & Outskirts,No,Modified,0.8160395368123553,1,Rep_A (Top Closer)
Landing Page Submission,Google,No,1,4.0,1553,4.0,Email Opened,"Banking, Investment And Insurance",Unemployed,Other Cities of Maharashtra,No,Email Opened,0.8153795397227052,1,Rep_A (Top Closer)
Landing Page Submission,Organic Search,No,1,10.0,1250,10.0,SMS Sent,Operations Management,Unemployed,Other Cities of Maharashtra,Yes,SMS Sent,0.8151327895738822,1,Rep_A (Top Closer)
Landing Page Submission,Google,No,0,4.0,1078,4.0,SMS Sent,Media and Advertising,Unemployed,Thane & Outskirts,Yes,SMS Sent,0.8131587805699088,0,Rep_A (Top Closer)
Landing Page Submission,Direct Traffic,No,1,5.0,933,5.0,SMS Sent,IT Projects Management,Working Professional,Mumbai,Yes,SMS Sent,0.8119379821904017,1,Rep_A (Top Closer)
API,Google,No,1,2.0,1214,2.0,SMS Sent,Finance Management,Unemployed,Mumbai,No,SMS Sent,0.8101421551497958,1,Rep_A (Top Closer)
API,Google,No,1,4.0,1088,4.0,Page Visited on Website,Supply Chain Management,Working Professional,Mumbai,No,Modified,0.8099992799565282,1,Rep_A (Top Closer)
API,Organic Search,No,1,3.0,954,3.0,SMS Sent,Finance Management,Unemployed,Mumbai,No,SMS Sent,0.8099567703143437,1,Rep_A (Top Closer)
API,Olark Chat,No,1,2.0,992,1.0,SMS Sent,Operations Management,Unemployed,Other Metro Cities,Yes,SMS Sent,0.8098121733505336,1,Rep_A (Top Closer)
Lead Add Form,Reference,Yes,1,3.0,1216,2.0,Email Bounced,Finance Management,Unemployed,Mumbai,No,Modified,0.8098032330737605,1,Rep_A (Top Closer)
Landing Page Submission,Direct Traffic,No,1,2.0,1239,2.0,SMS Sent,Business Administration,Unemployed,Other Cities of Maharashtra,Yes,Modified,0.8063013312357756,1,Rep_A (Top Closer)
Landing Page Submission,Direct Traffic,No,0,3.0,1095,3.0,SMS Sent,Finance Management,Unemployed,Other Metro Cities,No,Modified,0.806066009518652,0,Rep_A (Top Closer)
Lead Import,Facebook,No,0,3.0,214,2.0,SMS Sent,Finance Management,Unemployed,Mumbai,No,Modified,0.8060363014658692,0,Rep_A (Top Closer)
API,Google,No,1,2.0,1196,2.0,SMS Sent,Finance Management,Unemployed,Mumbai,No,SMS Sent,0.8046203083468041,1,Rep_A (Top Closer)
Landing Page Submission,Google,No,0,2.0,906,2.0,SMS Sent,Finance Management,Unemployed,Mumbai,No,Modified,0.80206156534823,0,Rep_A (Top Closer)
API,Google,No,1,4.0,1483,2.0,Had a Phone Conversation,Supply Chain Management,Unemployed,Other Cities,No,Had a Phone Conversation,0.8000466679485908,1,Rep_A (Top Closer)
Landing Page Submission,Direct Traffic,No,0,5.0,1099,2.5,SMS Sent,Human Resource Management,Unemployed,Other Metro Cities,Yes,SMS Sent,0.7997577189883212,0,Rep_A (Top Closer)
Landing Page Submission,Google,No,0,7.0,1172,3.5,SMS Sent,Marketing Management,Unemployed,Mumbai,Yes,Modified,0.7993124953237104,0,Rep_A (Top Closer)
Lead Import,Facebook,No,0,0.0,0,0.0,SMS Sent,Finance Management,Unemployed,Other Cities of Maharashtra,No,Modified,0.7987687791310938,0,Rep_A (Top Closer)
Landing Page Submission,Organic Search,No,1,3.0,829,3.0,Email Opened,Media and Advertising,Working Professional,Mumbai,Yes,Email Opened,0.7983329164906889,1,Rep_A (Top Closer)
Landing Page Submission,Google,No,1,4.0,849,4.0,SMS Sent,"Banking, Investment And Insurance",Unemployed,Thane & Outskirts,No,SMS Sent,0.7972344275042725,1,Rep_A (Top Closer)
Lead Add Form,Reference,No,1,3.0,266,2.0,Email Opened,Supply Chain Management,Unemployed,Mumbai,No,Modified,0.7957157527372107,1,Rep_A (Top Closer)
Landing Page Submission,Google,No,1,3.0,1451,3.0,Email Opened,Finance Management,Unemployed,Mumbai,No,Email Opened,0.7951181845400246,1,Rep_A (Top Closer)
Landing Page Submission,Direct Traffic,No,1,3.0,1202,3.0,SMS Sent,Marketing Management,Unemployed,Mumbai,Yes,SMS Sent,0.7946821514775196,1,Rep_A (Top Closer)
Landing Page Submission,Direct Traffic,No,1,2.0,1735,2.0,Email Opened,"Banking, Investment And Insurance",Unemployed,Mumbai,Yes,Email Opened,0.7932536941101245,1,Rep_A (Top Closer)
Landing Page Submission,Google,No,0,6.0,1030,3.0,Page Visited on Website,International Business,Unemployed,Mumbai,No,Modified,0.7912654442500727,0,Rep_A (Top Closer)
Landing Page Submission,Direct Traffic,No,1,7.0,1762,1.4,Olark Chat Conversation,Finance Management,Student,Mumbai,Yes,Olark Chat Conversation,0.7904811541105021,1,Rep_A (Top Closer)
Landing Page Submission,Google,No,1,4.0,1340,2.0,Email Link Clicked,Human Resource Management,Unemployed,Mumbai,No,Modified,0.7896369123119584,1,Rep_A (Top Closer)
Landing Page Submission,Google,No,1,12.0,1117,2.4,Page Visited on Website,Supply Chain Management,Unemployed,Mumbai,Yes,Modified,0.789578677054904,1,Rep_A (Top Closer)
Landing Page Submission,Direct Traffic,Yes,1,2.0,1645,2.0,SMS Sent,Human Resource Management,Unemployed,Mumbai,No,SMS Sent,0.7891232913075068,1,Rep_A (Top Closer)
Landing Page Submission,Direct Traffic,No,1,4.0,754,2.0,Page Visited on Website,International Business,Working Professional,Other Cities,Yes,Page Visited on Website,0.7878516345434678,1,Rep_A (Top Closer)
Landing Page Submission,Organic Search,No,0,3.0,491,3.0,SMS Sent,Finance Management,Unemployed,Mumbai,No,SMS Sent,0.7871009805665984,0,Rep_A (Top Closer)
Landing Page Submission,Direct Traffic,No,1,7.0,1058,1.75,SMS Sent,Business Administration,Unemployed,Mumbai,Yes,SMS Sent,0.7864340877729046,1,Rep_A (Top Closer)
Landing Page Submission,Direct Traffic,No,0,2.0,1223,2.0,SMS Sent,"Banking, Investment And Insurance",Unemployed,Mumbai,Yes,Modified,0.7862781083441064,0,Rep_A (Top Closer)
Landing Page Submission,Google,No,1,3.0,1264,3.0,Email Opened,IT Projects Management,Unemployed,Other Cities of Maharashtra,No,Modified,0.7862647035530345,1,Rep_A (Top Closer)
API,Organic Search,No,0,5.0,1030,5.0,SMS Sent,Finance Management,Unemployed,Mumbai,No,SMS Sent,0.7856803030954033,0,Rep_A (Top Closer)
Landing Page Submission,Organic Search,No,0,9.0,1211,3.0,Email Opened,Healthcare Management,Unemployed,Other Cities,Yes,Email Opened,0.7846255085050005,0,Rep_A (Top Closer)
Lead Add Form,Welingak Website,Yes,1,0.0,0,0.0,SMS Sent,Finance Management,Unemployed,Mumbai,No,SMS Sent,0.7840786434711099,1,Rep_A (Top Closer)
Lead Add Form,Welingak Website,Yes,1,0.0,0,0.0,SMS Sent,Finance Management,Unemployed,Mumbai,No,SMS Sent,0.7840786434711099,1,Rep_A (Top Closer)
Lead Add Form,Reference,No,1,1.0,288,1.0,Email Link Clicked,E-Business,Unemployed,Mumbai,No,Modified,0.7836058935093729,1,Rep_A (Top Closer)
Lead Add Form,Reference,No,1,0.0,0,0.0,Email Opened,Human Resource Management,Unemployed,Thane & Outskirts,No,Modified,0.7817826200434348,1,Rep_A (Top Closer)
API,Olark Chat,No,0,17.0,869,1.21,Page Visited on Website,Finance Management,Unemployed,Mumbai,No,Page Visited on Website,0.781761163176701,0,Rep_A (Top Closer)
Lead Add Form,Reference,No,1,0.0,0,0.0,Email Opened,Hospitality Management,Unemployed,Thane & Outskirts,No,Modified,0.7813185828933948,1,Rep_A (Top Closer)
Landing Page Submission,Google,No,0,10.0,877,3.33,Page Visited on Website,Human Resource Management,Unemployed,Other Metro Cities,No,Page Visited on Website,0.7801848848614594,0,Rep_A (Top Closer)
Landing Page Submission,Google,No,1,5.0,934,2.5,SMS Sent,Marketing Management,Unemployed,Mumbai,Yes,SMS Sent,0.779812577373658,1,Rep_A (Top Closer)
Landing Page Submission,Direct Traffic,No,0,2.0,1680,2.0,Email Opened,Marketing Management,Unemployed,Mumbai,Yes,Email Opened,0.7795992222456939,0,Rep_A (Top Closer)
Lead Import,Facebook,No,1,0.0,0,0.0,Email Opened,Business Administration,Working Professional,Mumbai,No,Email Opened,0.7788805763914076,1,Rep_A (Top Closer)
API,Organic Search,No,1,4.0,763,2.0,SMS Sent,Human Resource Management,Unemployed,Mumbai,No,SMS Sent,0.7787465544218152,1,Rep_A (Top Closer)
Landing Page Submission,Direct Traffic,No,1,3.0,1089,3.0,SMS Sent,Human Resource Management,Unemployed,Other Metro Cities,Yes,SMS Sent,0.7783664036646295,1,Rep_A (Top Closer)
API,Google,No,1,3.0,1190,3.0,SMS Sent,Finance Management,Unemployed,Mumbai,No,SMS Sent,0.7778711449578346,1,Rep_A (Top Closer)
API,Olark Chat,No,0,3.0,1031,1.5,Page Visited on Website,Business Administration,Unemployed,Mumbai,No,Modified,0.7761389381226016,0,Rep_A (Top Closer)
API,Google,No,1,2.0,1019,1.0,SMS Sent,IT Projects Management,Unemployed,Mumbai,No,SMS Sent,0.7757229390683106,1,Rep_A (Top Closer)
API,Google,No,1,2.0,1105,2.0,SMS Sent,Finance Management,Unemployed,Mumbai,No,SMS Sent,0.7748514396657935,1,Rep_A (Top Closer)
Landing Page Submission,Google,No,1,4.0,1276,4.0,SMS Sent,Finance Management,Student,Other Metro Cities,No,SMS Sent,0.7741262147167424,1,Rep_A (Top Closer)
Landing Page Submission,Google,No,1,4.0,1234,1.33,Email Opened,Human Resource Management,Unemployed,Mumbai,No,Email Opened,0.7726172135853578,1,Rep_A (Top Closer)
Landing Page Submission,Google,No,0,2.0,1288,2.0,Email Opened,Travel and Tourism,Unemployed,Mumbai,No,Email Opened,0.7720862256907421,0,Rep_A (Top Closer)
Landing Page Submission,Direct Traffic,No,0,2.0,949,2.0,SMS Sent,Human Resource Management,Unemployed,Tier II Cities,Yes,SMS Sent,0.7719789482058061,0,Rep_A (Top Closer)
Lead Add Form,Welingak Website,No,1,0.0,0,0.0,Email Link Clicked,Finance Management,Unemployed,Mumbai,No,Email Link Clicked,0.7709091099895591,1,Rep_A (Top Closer)
Landing Page Submission,Google,No,0,2.0,1458,1.0,Email Bounced,Marketing Management,Unemployed,Mumbai,Yes,Modified,0.7708035346395639,0,Rep_A (Top Closer)
Landing Page Submission,Direct Traffic,No,0,2.0,1107,2.0,Email Opened,Marketing Management,Working Professional,Other Metro Cities,Yes,Email Opened,0.7707885290656398,0,Rep_A (Top Closer)
Landing Page Submission,Organic Search,No,0,3.0,599,3.0,SMS Sent,Retail Management,Unemployed,Other Cities,Yes,SMS Sent,0.7702272777735426,0,Rep_A (Top Closer)
Lead Add Form,Reference,No,1,0.0,0,0.0,Email Opened,Operations Management,Unemployed,Other Cities of Maharashtra,No,Modified,0.7686025145712178,1,Rep_A (Top Closer)
Landing Page Submission,Google,No,1,5.0,1297,2.5,Email Opened,Travel and Tourism,Unemployed,Mumbai,No,Email Opened,0.7678977956301184,1,Rep_A (Top Closer)
Lead Import,Facebook,No,0,3.0,93,2.0,SMS Sent,Finance Management,Unemployed,Mumbai,No,Modified,0.7659822835490124,0,Rep_A (Top Closer)
Landing Page Submission,Direct Traffic,No,1,2.0,1017,2.0,SMS Sent,Human Resource Management,Unemployed,Other Cities,Yes,SMS Sent,0.7640812307064427,1,Rep_A (Top Closer)
Landing Page Submission,Google,No,1,2.0,678,2.0,SMS Sent,Hospitality Management,Unemployed,Mumbai,No,SMS Sent,0.7631762751623586,1,Rep_A (Top Closer)
Lead Add Form,Reference,No,1,3.0,182,2.0,Email Opened,Finance Management,Unemployed,Mumbai,No,Modified,0.7615884576097948,1,Rep_A (Top Closer)
API,Google,No,1,5.0,1143,1.25,Page Visited on Website,Finance Management,Unemployed,Mumbai,No,Page Visited on Website,0.7597834390845246,1,Rep_A (Top Closer)
Landing Page Submission,Direct Traffic,No,0,2.0,1198,2.0,Page Visited on Website,Human Resource Management,Unemployed,Other Cities of Maharashtra,Yes,Modified,0.7588743935330768,0,Rep_A (Top Closer)
API,Organic Search,No,1,6.0,1028,6.0,SMS Sent,Finance Management,Unemployed,Mumbai,No,SMS Sent,0.7585688944384688,1,Rep_A (Top Closer)
Landing Page Submission,Google,Yes,1,4.0,1452,4.0,SMS Sent,Healthcare Management,Unemployed,Thane & Outskirts,No,SMS Sent,0.7581158517073403,1,Rep_A (Top Closer)
Lead Add Form,Reference,No,1,0.0,0,0.0,Email Opened,Human Resource Management,Unemployed,Other Cities,No,Modified,0.7580885070016621,1,Rep_A (Top Closer)
Landing Page Submission,Direct Traffic,No,1,4.0,985,2.0,SMS Sent,Healthcare Management,Unemployed,Other Cities,Yes,SMS Sent,0.7565055377421801,1,Rep_A (Top Closer)
API,Organic Search,No,0,3.0,1392,3.0,Email Opened,Finance Management,Unemployed,Mumbai,No,Email Opened,0.755928351701919,0,Rep_A (Top Closer)
Landing Page Submission,Direct Traffic,No,1,3.0,1101,3.0,SMS Sent,Business Administration,Unemployed,Mumbai,Yes,SMS Sent,0.7557797447275395,1,Rep_A (Top Closer)
Landing Page Submission,Google,No,1,5.0,653,2.5,SMS Sent,Human Resource Management,Unemployed,Other Cities,No,SMS Sent,0.7552457128692932,1,Rep_A (Top Closer)
API,Google,No,0,4.0,1264,4.0,Email Opened,Operations Management,Working Professional,Other Cities of Maharashtra,No,Email Opened,0.7544755268260053,0,Rep_A (Top Closer)
Landing Page Submission,Google,No,1,3.0,1321,3.0,Email Opened,Marketing Management,Unemployed,Mumbai,No,Email Opened,0.7532303041740547,1,Rep_A (Top Closer)
Landing Page Submission,Google,No,1,6.0,1040,6.0,Email Opened,Operations Management,Working Professional,Other Cities,No,Email Opened,0.7515165444966211,1,Rep_A (Top Closer)
API,Google,No,1,2.0,1240,1.0,Form Submitted on Website,IT Projects Management,Unemployed,Thane & Outskirts,No,Modified,0.7507122893763821,1,Rep_A (Top Closer)
Landing Page Submission,Organic Search,No,1,9.0,1233,4.5,Email Opened,IT Projects Management,Unemployed,Other Cities,Yes,Email Opened,0.7500180396098628,1,Rep_A (Top Closer)
Lead Add Form,Reference,No,1,0.0,0,0.0,Email Opened,Human Resource Management,Unemployed,Mumbai,No,Modified,0.7498118898862935,1,Rep_A (Top Closer)
Landing Page Submission,Google,No,1,2.0,765,2.0,Email Opened,Business Administration,Working Professional,Mumbai,No,Email Opened,0.7485428229560113,1,Rep_A (Top Closer)
Lead Add Form,Reference,No,1,0.0,0,0.0,Email Opened,Finance Management,Unemployed,Mumbai,No,Modified,0.7482791505778287,1,Rep_A (Top Closer)
Lead Add Form,Reference,No,1,0.0,0,0.0,Email Opened,Finance Management,Unemployed,Mumbai,No,Modified,0.7482791505778287,1,Rep_A (Top Closer)
Lead Add Form,Reference,No,1,0.0,0,0.0,Email Opened,Finance Management,Unemployed,Mumbai,No,Modified,0.7482791505778287,1,Rep_A (Top Closer)
Lead Add Form,Reference,No,1,0.0,0,0.0,Email Opened,Finance Management,Unemployed,Mumbai,No,Modified,0.7482791505778287,1,Rep_A (Top Closer)
Lead Add Form,Reference,No,1,0.0,0,0.0,Email Opened,Finance Management,Unemployed,Mumbai,No,Modified,0.7482791505778287,1,Rep_A (Top Closer)
Landing Page Submission,Organic Search,No,1,4.0,562,4.0,SMS Sent,Travel and Tourism,Unemployed,Other Metro Cities,Yes,SMS Sent,0.7477086581449901,1,Rep_A (Top Closer)
Landing Page Submission,Direct Traffic,No,1,3.0,1372,3.0,Email Opened,Finance Management,Unemployed,Mumbai,No,Modified,0.7473456626473383,1,Rep_A (Top Closer)
Lead Add Form,Reference,No,1,0.0,0,0.0,Email Opened,Business Administration,Unemployed,Mumbai,No,Modified,0.7467401928156038,1,Rep_A (Top Closer)
Lead Add Form,Google,No,1,0.0,0,0.0,SMS Sent,Finance Management,Unemployed,Thane & Outskirts,No,SMS Sent,0.7460141804944492,1,Rep_A (Top Closer)
Landing Page Submission,Organic Search,No,1,11.0,1054,2.75,Email Opened,Rural and Agribusiness,Unemployed,Other Cities,Yes,Email Opened,0.7456441412061007,1,Rep_A (Top Closer)
Lead Add Form,Welingak Website,Yes,0,0.0,0,0.0,SMS Sent,Finance Management,Unemployed,Mumbai,No,Modified,0.7454164486716754,0,Rep_A (Top Closer)
Landing Page Submission,Direct Traffic,No,1,10.0,744,2.0,SMS Sent,Finance Management,Unemployed,Mumbai,No,SMS Sent,0.7449597091064353,1,Rep_A (Top Closer)
Lead Add Form,Reference,No,1,0.0,0,0.0,Email Opened,Media and Advertising,Unemployed,Thane & Outskirts,No,Email Opened,0.7449154737892947,1,Rep_A (Top Closer)
API,Google,No,1,7.0,1524,1.4,Email Opened,Retail Management,Unemployed,Mumbai,No,Email Opened,0.7444816392757436,1,Rep_A (Top Closer)
Lead Add Form,Reference,No,1,0.0,0,0.0,Email Opened,Marketing Management,Unemployed,Thane & Outskirts,No,Email Opened,0.7443986708636346,1,Rep_A (Top Closer)
Lead Add Form,Reference,No,1,0.0,0,0.0,Email Opened,Marketing Management,Unemployed,Thane & Outskirts,No,Email Opened,0.7443986708636346,1,Rep_A (Top Closer)
Landing Page Submission,Organic Search,No,0,3.0,560,3.0,SMS Sent,Travel and Tourism,Unemployed,Thane & Outskirts,Yes,Modified,0.7430931096180218,0,Rep_A (Top Closer)
Landing Page Submission,Direct Traffic,No,1,4.0,1070,4.0,SMS Sent,E-COMMERCE,Unemployed,Other Metro Cities,Yes,SMS Sent,0.7422187211817818,1,Rep_A (Top Closer)
Lead Add Form,Reference,No,1,0.0,0,0.0,Email Opened,Finance Management,Unemployed,Thane & Outskirts,No,Email Opened,0.7412834445812987,1,Rep_A (Top Closer)
Landing Page Submission,Google,No,1,5.0,1436,5.0,Email Opened,Media and Advertising,Unemployed,Mumbai,No,Email Opened,0.7397982624189501,1,Rep_A (Top Closer)
API,Organic Search,No,1,4.0,816,4.0,SMS Sent,Marketing Management,Unemployed,Mumbai,No,SMS Sent,0.7395285336997572,1,Rep_A (Top Closer)
API,Google,No,0,2.0,1607,2.0,Email Link Clicked,Finance Management,Unemployed,Mumbai,No,Modified,0.7394547531626702,0,Rep_A (Top Closer)
Landing Page Submission,Google,No,0,2.0,1007,2.0,Email Opened,Marketing Management,Unemployed,Thane & Outskirts,No,Modified,0.7389530015315531,0,Rep_A (Top Closer)
Landing Page Submission,Google,No,1,5.0,1234,2.5,Email Opened,Finance Management,Unemployed,Mumbai,No,Email Opened,0.7382447892971169,1,Rep_A (Top Closer)
Landing Page Submission,Google,No,1,4.0,1266,4.0,Email Opened,Marketing Management,Unemployed,Thane & Outskirts,No,Email Opened,0.7380014780046631,1,Rep_A (Top Closer)
Landing Page Submission,Google,No,1,6.0,1104,6.0,SMS Sent,IT Projects Management,Unemployed,Mumbai,Yes,SMS Sent,0.737836699791521,1,Rep_A (Top Closer)
Landing Page Submission,Google,No,1,2.0,240,2.0,SMS Sent,Finance Management,Working Professional,Mumbai,No,Modified,0.7371773413844336,1,Rep_A (Top Closer)
Landing Page Submission,Google,No,1,4.0,1237,4.0,SMS Sent,Finance Management,Student,Mumbai,No,SMS Sent,0.7351608862548896,1,Rep_A (Top Closer)
Lead Add Form,Reference,No,1,0.0,0,0.0,Email Opened,Human Resource Management,Unemployed,Other Metro Cities,No,Email Opened,0.7342288126171109,1,Rep_A (Top Closer)
Landing Page Submission,Direct Traffic,No,1,3.0,1321,1.5,Email Opened,Supply Chain Management,Unemployed,Other Metro Cities,Yes,Modified,0.7341866107536281,1,Rep_A (Top Closer)
Landing Page Submission,Google,No,1,4.0,701,4.0,SMS Sent,Human Resource Management,Unemployed,Other Cities of Maharashtra,No,SMS Sent,0.7324185308298223,1,Rep_A (Top Closer)
Landing Page Submission,Direct Traffic,No,1,3.0,1049,3.0,Unreachable,Supply Chain Management,Unemployed,Other Cities,Yes,Modified,0.731989208282174,1,Rep_A (Top Closer)
Landing Page Submission,Google,No,1,3.0,170,3.0,SMS Sent,Supply Chain Management,Working Professional,Mumbai,No,SMS Sent,0.7292599476552748,1,Rep_A (Top Closer)
API,Google,No,1,2.0,1137,2.0,Page Visited on Website,Finance Management,Unemployed,Mumbai,No,Page Visited on Website,0.7263800659012141,1,Rep_B
Lead Import,Facebook,No,0,3.0,345,2.0,Email Opened,Finance Management,Unemployed,Other Cities,No,Modified,0.72607090768896,0,Rep_C
Landing Page Submission,Google,No,0,3.0,828,3.0,SMS Sent,E-COMMERCE,Unemployed,Other Cities,Yes,SMS Sent,0.7255538786725103,0,Rep_D
API,Google,No,1,2.0,1080,2.0,SMS Sent,Finance Management,Unemployed,Mumbai,No,Modified,0.7253810311259206,1,Rep_B
Landing Page Submission,Google,No,1,3.0,176,3.0,SMS Sent,Finance Management,Working Professional,Mumbai,No,SMS Sent,0.7251377528499324,1,Rep_C
Landing Page Submission,Google,No,1,4.0,847,4.0,Email Opened,Human Resource Management,Working Professional,Mumbai,No,Email Opened,0.7247908020498077,1,Rep_D
Landing Page Submission,Direct Traffic,No,0,13.0,936,3.25,Page Visited on Website,Finance Management,Unemployed,Mumbai,No,Page Visited on Website,0.7238661720288904,0,Rep_B
Landing Page Submission,Google,Yes,1,4.0,1452,4.0,SMS Sent,Supply Chain Management,Unemployed,Thane & Outskirts,No,Modified,0.7225195336340412,1,Rep_C
Landing Page Submission,Google,No,1,4.0,719,4.0,SMS Sent,Human Resource Management,Unemployed,Mumbai,No,SMS Sent,0.7217579885457945,1,Rep_D
Landing Page Submission,Google,No,1,2.0,1139,2.0,Email Opened,Marketing Management,Unemployed,Other Cities,No,Email Opened,0.7214752424978088,1,Rep_B
Landing Page Submission,Organic Search,No,0,6.0,1189,6.0,Email Opened,Media and Advertising,Unemployed,Other Cities,Yes,Modified,0.7209513712492858,0,Rep_C
API,Google,No,0,2.0,1450,2.0,Email Opened,Finance Management,Unemployed,Mumbai,No,Modified,0.7208108453941738,0,Rep_D
Landing Page Submission,Organic Search,No,1,4.0,1104,4.0,Email Opened,Hospitality Management,Unemployed,Other Metro Cities,Yes,Email Opened,0.7195935653724774,1,Rep_B
API,Google,No,0,3.0,1188,3.0,Page Visited on Website,International Business,Unemployed,Mumbai,No,Page Visited on Website,0.7191489626780223,0,Rep_C
Lead Add Form,Reference,No,1,0.0,0,0.0,Form Submitted on Website,Human Resource Management,Unemployed,Mumbai,Yes,Modified,0.7176019668785905,1,Rep_D
Landing Page Submission,Google,No,0,5.0,740,2.5,Page Visited on Website,Human Resource Management,Unemployed,Mumbai,No,Page Visited on Website,0.7172963435129939,0,Rep_B
Landing Page Submission,Organic Search,No,1,4.0,3,4.0,SMS Sent,Travel and Tourism,Working Professional,Other Metro Cities,Yes,SMS Sent,0.7169994858482034,1,Rep_C
API,Google,No,0,2.0,1218,2.0,Olark Chat Conversation,Finance Management,Unemployed,Mumbai,No,Modified,0.7152354690347382,0,Rep_D
Landing Page Submission,Organic Search,No,0,7.0,229,3.5,SMS Sent,Media and Advertising,Unemployed,Other Metro Cities,No,SMS Sent,0.7141585284820389,0,Rep_B
API,Organic Search,No,1,8.0,234,4.0,SMS Sent,Travel and Tourism,Working Professional,Mumbai,No,SMS Sent,0.713890150075658,1,Rep_C
Landing Page Submission,Google,No,1,3.0,143,3.0,SMS Sent,Human Resource Management,Working Professional,Mumbai,No,SMS Sent,0.7136436468902434,1,Rep_D
API,Olark Chat,No,1,3.0,978,3.0,Page Visited on Website,Finance Management,Unemployed,Mumbai,No,Modified,0.7112031177995011,1,Rep_B
Landing Page Submission,Direct Traffic,No,1,3.0,1486,3.0,Email Opened,Human Resource Management,Unemployed,Thane & Outskirts,Yes,Email Opened,0.71108632795478,1,Rep_C
Lead Add Form,Google,No,1,0.0,0,0.0,SMS Sent,Finance Management,Unemployed,Mumbai,No,SMS Sent,0.7107419971584734,1,Rep_D
Lead Add Form,Google,No,1,0.0,0,0.0,SMS Sent,Finance Management,Unemployed,Mumbai,No,SMS Sent,0.7107419971584734,1,Rep_B
Lead Add Form,Google,No,1,0.0,0,0.0,SMS Sent,Finance Management,Unemployed,Mumbai,No,SMS Sent,0.7107419971584734,1,Rep_C
Landing Page Submission,Direct Traffic,No,1,7.0,1273,7.0,SMS Sent,Marketing Management,Unemployed,Mumbai,Yes,SMS Sent,0.709364325874982,1,Rep_D
Lead Add Form,Reference,No,1,0.0,0,0.0,Email Opened,Marketing Management,Unemployed,Mumbai,No,Email Opened,0.7089896515195087,1,Rep_B
Lead Add Form,Reference,No,1,0.0,0,0.0,Email Opened,Marketing Management,Unemployed,Mumbai,No,Email Opened,0.7089896515195087,1,Rep_C
Lead Add Form,Reference,No,1,0.0,0,0.0,Email Opened,Marketing Management,Unemployed,Mumbai,No,Email Opened,0.7089896515195087,1,Rep_D
Landing Page Submission,Direct Traffic,No,1,4.0,1588,4.0,Email Opened,Supply Chain Management,Unemployed,Other Cities of Maharashtra,Yes,Email Opened,0.7082330651092258,1,Rep_B
Landing Page Submission,Direct Traffic,No,1,3.0,866,3.0,SMS Sent,Supply Chain Management,Unemployed,Thane & Outskirts,Yes,SMS Sent,0.7079280987838155,1,Rep_C
API,Google,No,0,5.0,1548,1.0,Olark Chat Conversation,Finance Management,Student,Mumbai,No,Olark Chat Conversation,0.7076699588160954,0,Rep_D
Lead Add Form,Reference,No,1,0.0,0,0.0,Email Opened,Human Resource Management,Unemployed,Mumbai,No,Email Opened,0.7073044462616327,1,Rep_B
Landing Page Submission,Direct Traffic,No,0,3.0,1625,3.0,Converted to Lead,Marketing Management,Unemployed,Other Cities of Maharashtra,Yes,Modified,0.7066027011155448,0,Rep_C
Landing Page Submission,Google,No,1,5.0,1063,2.5,Email Opened,Finance Management,Unemployed,Thane & Outskirts,No,Email Opened,0.706409955675882,1,Rep_D
Lead Add Form,Reference,No,1,0.0,0,0.0,Email Opened,Finance Management,Unemployed,Mumbai,No,Email Opened,0.7056135342397092,1,Rep_B
Lead Add Form,Reference,No,1,0.0,0,0.0,Email Opened,Finance Management,Unemployed,Mumbai,No,Email Opened,0.7056135342397092,1,Rep_C
Lead Add Form,Reference,No,1,0.0,0,0.0,Email Opened,Finance Management,Unemployed,Mumbai,No,Email Opened,0.7056135342397092,1,Rep_D
API,Olark Chat,No,1,3.0,1317,1.0,Email Opened,Marketing Management,Unemployed,Other Cities of Maharashtra,Yes,Email Opened,0.704760749473114,1,Rep_B
API,Direct Traffic,No,1,3.0,1759,3.0,Email Opened,Human Resource Management,Unemployed,Mumbai,No,Email Opened,0.7046717364587497,1,Rep_C
API,Organic Search,No,1,5.0,1084,5.0,Olark Chat Conversation,Finance Management,Unemployed,Mumbai,No,Modified,0.704273292965247,1,Rep_D
Landing Page Submission,Organic Search,No,1,9.0,232,3.0,SMS Sent,"Banking, Investment And Insurance",Unemployed,Mumbai,No,SMS Sent,0.7040613382652035,1,Rep_B
Lead Add Form,Reference,No,1,0.0,0,0.0,Email Opened,Business Administration,Unemployed,Mumbai,No,Email Opened,0.703916942912607,1,Rep_C
Lead Add Form,Reference,No,1,0.0,0,0.0,Email Opened,Business Administration,Unemployed,Mumbai,No,Email Opened,0.703916942912607,1,Rep_D
Landing Page Submission,Google,No,1,9.0,1033,9.0,SMS Sent,Human Resource Management,Unemployed,Other Cities,No,SMS Sent,0.7038732625590839,1,Rep_B
Landing Page Submission,Direct Traffic,Yes,0,2.0,1414,2.0,SMS Sent,Human Resource Management,Unemployed,Mumbai,No,SMS Sent,0.7034868126515861,0,Rep_C
Landing Page Submission,Google,No,0,4.0,700,4.0,SMS Sent,Business Administration,Unemployed,Thane & Outskirts,No,Modified,0.7032044745190148,0,Rep_D
API,Google,No,0,7.0,859,1.75,SMS Sent,Finance Management,Unemployed,Mumbai,No,SMS Sent,0.7024626187502235,0,Rep_B
API,Organic Search,No,1,2.0,576,2.0,SMS Sent,Finance Management,Unemployed,Mumbai,No,SMS Sent,0.7014764763676311,1,Rep_C
Landing Page Submission,Google,No,1,8.0,422,1.6,SMS Sent,Finance Management,Unemployed,Other Cities,No,SMS Sent,0.700741922519117,1,Rep_D
Landing Page Submission,Google,No,1,3.0,520,3.0,SMS Sent,Human Resource Management,Unemployed,Other Metro Cities,No,SMS Sent,0.6994702065625693,1,Rep_B
Landing Page Submission,Direct Traffic,No,1,4.0,1628,4.0,Email Opened,Finance Management,Unemployed,Mumbai,Yes,Email Opened,0.699280079333274,1,Rep_C
API,Direct Traffic,No,1,5.0,970,5.0,SMS Sent,Travel and Tourism,Working Professional,Other Cities,Yes,SMS Sent,0.697106605633975,1,Rep_D
API,Organic Search,No,0,5.0,903,5.0,SMS Sent,Finance Management,Unemployed,Mumbai,No,Modified,0.6970455667261256,0,Rep_B
Landing Page Submission,Google,No,1,4.0,1175,4.0,Email Opened,Business Administration,Unemployed,Thane & Outskirts,No,Email Opened,0.6966995568178407,1,Rep_C
Landing Page Submission,Direct Traffic,No,1,2.0,1284,2.0,Email Opened,Marketing Management,Unemployed,Other Metro Cities,Yes,Modified,0.6966265330697076,1,Rep_D
API,Organic Search,No,0,4.0,1144,2.0,Email Opened,Finance Management,Unemployed,Mumbai,No,Email Opened,0.6939252705640501,0,Rep_B
Landing Page Submission,Organic Search,No,1,6.0,386,2.0,Email Opened,E-COMMERCE,Working Professional,Other Metro Cities,Yes,Email Opened,0.6938938771670481,1,Rep_C
Landing Page Submission,Direct Traffic,No,1,3.0,1247,3.0,Email Opened,Marketing Management,Unemployed,Thane & Outskirts,No,Email Opened,0.6936887549907019,1,Rep_D
API,Olark Chat,No,1,0.0,0,0.0,SMS Sent,Marketing Management,Working Professional,Mumbai,No,SMS Sent,0.6932559605193037,1,Rep_B
Landing Page Submission,Google,No,1,4.0,1075,4.0,Email Opened,Finance Management,Unemployed,Other Metro Cities,No,Modified,0.6927861821344107,1,Rep_C
API,Olark Chat,No,1,0.0,0,0.0,SMS Sent,Human Resource Management,Working Professional,Mumbai,No,SMS Sent,0.6915192860748186,1,Rep_D
Landing Page Submission,Direct Traffic,No,1,2.0,973,2.0,Email Opened,Human Resource Management,Working Professional,Mumbai,Yes,Email Opened,0.6913456351711579,1,Rep_B
Landing Page Submission,Google,No,1,3.0,499,3.0,SMS Sent,Human Resource Management,Unemployed,Other Metro Cities,No,SMS Sent,0.6906905807931873,1,Rep_C
API,Google,No,1,2.0,997,2.0,Email Opened,Marketing Management,Working Professional,Mumbai,No,Email Opened,0.6903629532368932,1,Rep_D
Landing Page Submission,Google,No,0,2.0,539,2.0,Unreachable,International Business,Unemployed,Mumbai,No,Modified,0.6891981664408448,0,Rep_B
Landing Page Submission,Direct Traffic,No,1,1.0,993,1.0,Converted to Lead,Operations Management,Working Professional,Mumbai,Yes,Modified,0.6888830734920619,1,Rep_C
API,Olark Chat,No,1,0.0,0,0.0,SMS Sent,"Banking, Investment And Insurance",Working Professional,Mumbai,No,SMS Sent,0.6874459756547708,1,Rep_D
Landing Page Submission,Google,No,0,8.0,1298,2.67,Email Opened,"Banking, Investment And Insurance",Unemployed,Mumbai,Yes,Email Opened,0.6867169151929918,0,Rep_B
Landing Page Submission,Google,No,1,6.0,1129,3.0,Email Opened,Operations Management,Unemployed,Mumbai,No,Email Opened,0.6863438914532257,1,Rep_C
Landing Page Submission,Direct Traffic,No,1,2.0,835,2.0,SMS Sent,Media and Advertising,Unemployed,Mumbai,Yes,SMS Sent,0.6861992607901298,1,Rep_D
Landing Page Submission,Direct Traffic,No,0,3.0,899,3.0,SMS Sent,E-COMMERCE,Unemployed,Other Cities,Yes,SMS Sent,0.6859496469336709,0,Rep_B
Landing Page Submission,Google,No,1,3.0,1141,3.0,Email Opened,Supply Chain Management,Unemployed,Mumbai,No,Email Opened,0.685063194012808,1,Rep_C
API,Organic Search,No,1,2.0,645,2.0,SMS Sent,Finance Management,Unemployed,Mumbai,No,Modified,0.6846388905801907,1,Rep_D
Landing Page Submission,Google,No,1,4.0,752,4.0,Email Opened,Finance Management,Working Professional,Mumbai,No,Email Opened,0.6841245560901927,1,Rep_B
Landing Page Submission,Google,No,1,3.0,784,3.0,Converted to Lead,Business Administration,Working Professional,Mumbai,No,Modified,0.6820492729221094,1,Rep_C
Landing Page Submission,Google,No,1,4.0,690,2.0,SMS Sent,Hospitality Management,Unemployed,Other Metro Cities,Yes,Modified,0.6812098167494268,1,Rep_D
Landing Page Submission,Direct Traffic,No,0,2.0,1213,2.0,Form Submitted on Website,Finance Management,Unemployed,Mumbai,Yes,Modified,0.6805112448514344,0,Rep_B
Lead Add Form,Reference,No,1,0.0,0,0.0,Email Link Clicked,Operations Management,Unemployed,Thane & Outskirts,No,Email Link Clicked,0.6795468609189871,1,Rep_C
API,Google,No,1,6.0,1162,6.0,SMS Sent,Finance Management,Unemployed,Mumbai,No,SMS Sent,0.6785702470641494,1,Rep_D
Landing Page Submission,Direct Traffic,No,1,4.0,1023,1.33,Email Opened,Marketing Management,Unemployed,Other Cities,No,Modified,0.6778643814566846,1,Rep_B
Landing Page Submission,Google,No,1,4.0,612,4.0,SMS Sent,Human Resource Management,Unemployed,Mumbai,No,SMS Sent,0.6774594273841296,1,Rep_C
Landing Page Submission,Google,No,1,6.0,1069,6.0,Email Opened,Marketing Management,Working Professional,Mumbai,Yes,Email Opened,0.6756375640907523,1,Rep_D
Landing Page Submission,Google,Yes,0,1.0,1936,1.0,Email Bounced,Retail Management,Unemployed,Mumbai,No,Email Bounced,0.6734758261618095,0,Rep_B
Landing Page Submission,Google,No,0,5.0,588,5.0,SMS Sent,Human Resource Management,Unemployed,Thane & Outskirts,No,SMS Sent,0.6732597200871973,0,Rep_C
Landing Page Submission,Organic Search,No,0,4.0,237,4.0,SMS Sent,Operations Management,Unemployed,Other Cities,No,SMS Sent,0.6731686505602041,0,Rep_D
API,Google,No,0,3.0,1395,1.5,Email Opened,Finance Management,Unemployed,Mumbai,No,Email Opened,0.672627861006648,0,Rep_B
Landing Page Submission,Direct Traffic,No,1,2.0,1249,2.0,Email Opened,IT Projects Management,Unemployed,Other Cities of Maharashtra,Yes,Modified,0.6708839614014901,1,Rep_C
Landing Page Submission,Google,No,1,5.0,967,2.5,Email Opened,IT Projects Management,Unemployed,Thane & Outskirts,No,Email Opened,0.668078006365814,1,Rep_D
Landing Page Submission,Google,No,1,4.0,1190,4.0,Email Opened,Human Resource Management,Unemployed,Mumbai,No,Email Opened,0.667977746069525,1,Rep_B
API,Referral Sites,No,1,10.0,325,3.33,Unreachable,Finance Management,Unemployed,Mumbai,Yes,Unreachable,0.666541933150678,1,Rep_C
Landing Page Submission,Google,No,0,6.0,693,3.0,Page Visited on Website,Travel and Tourism,Unemployed,Mumbai,No,Modified,0.6658595195122499,0,Rep_D
Landing Page Submission,Google,No,0,2.0,942,2.0,Email Opened,Human Resource Management,Unemployed,Thane & Outskirts,No,Email Opened,0.665716388366551,0,Rep_B
Landing Page Submission,Organic Search,No,1,6.0,295,6.0,SMS Sent,Travel and Tourism,Unemployed,Thane & Outskirts,No,SMS Sent,0.6645955798920679,1,Rep_C
Lead Add Form,Google,No,1,0.0,0,0.0,SMS Sent,Finance Management,Unemployed,Mumbai,No,Modified,0.6645660843107242,1,Rep_D
API,Google,No,1,6.0,1552,1.5,Email Opened,Business Administration,Unemployed,Mumbai,Yes,Email Opened,0.664199426937841,1,Rep_B
Landing Page Submission,Direct Traffic,No,1,4.0,901,4.0,SMS Sent,Travel and Tourism,Unemployed,Other Cities,Yes,SMS Sent,0.662165985814248,1,Rep_C
API,Google,No,0,2.0,910,1.0,Olark Chat Conversation,Marketing Management,Unemployed,Thane & Outskirts,No,Modified,0.6619342773514199,0,Rep_D
Landing Page Submission,Organic Search,No,0,8.0,216,4.0,SMS Sent,Finance Management,Unemployed,Mumbai,No,SMS Sent,0.6612220127849323,0,Rep_B
Landing Page Submission,Organic Search,Yes,0,3.0,1129,3.0,Unreachable,Marketing Management,Unemployed,Mumbai,Yes,Modified,0.6603278044884641,0,Rep_C
Landing Page Submission,Direct Traffic,No,1,3.0,248,1.5,SMS Sent,IT Projects Management,Working Professional,Mumbai,Yes,SMS Sent,0.6587221019832209,1,Rep_D
Landing Page Submission,Direct Traffic,No,1,5.0,1487,5.0,SMS Sent,Finance Management,Student,Mumbai,Yes,SMS Sent,0.6576384113415568,1,Rep_B
API,Google,No,0,2.0,1409,2.0,Email Opened,Finance Management,Unemployed,Mumbai,No,Email Opened,0.657534389332347,0,Rep_C
API,Google,No,0,6.0,1225,6.0,Page Visited on Website,Supply Chain Management,Unemployed,Thane & Outskirts,No,Modified,0.6575140930067263,0,Rep_D
Landing Page Submission,Google,No,1,6.0,595,3.0,Email Opened,"Banking, Investment And Insurance",Working Professional,Mumbai,No,Email Opened,0.6554269525077713,1,Rep_B
Landing Page Submission,Organic Search,No,1,3.0,534,1.5,Email Opened,Human Resource Management,Unemployed,Thane & Outskirts,No,Email Opened,0.6550661980300231,1,Rep_C
API,Google,No,1,2.0,803,2.0,SMS Sent,Finance Management,Unemployed,Mumbai,No,SMS Sent,0.6547892563063429,1,Rep_D
Lead Add Form,Reference,Yes,1,0.0,0,0.0,SMS Sent,Finance Management,Unemployed,Mumbai,No,SMS Sent,0.6519482635508872,1,Rep_B
Landing Page Submission,Organic Search,No,1,7.0,14,1.75,SMS Sent,E-COMMERCE,Unemployed,Mumbai,No,SMS Sent,0.6507998482662519,1,Rep_C
API,Google,No,1,3.0,970,3.0,SMS Sent,Marketing Management,Unemployed,Mumbai,No,Modified,0.6502954357807645,1,Rep_D
Landing Page Submission,Direct Traffic,No,0,4.0,1149,2.0,Email Opened,Finance Management,Unemployed,Mumbai,No,Email Opened,0.6471629744176666,0,Rep_B
Landing Page Submission,Direct Traffic,No,0,3.0,1409,1.5,Converted to Lead,Human Resource Management,Unemployed,Mumbai,Yes,Modified,0.6459126868545075,0,Rep_C
Landing Page Submission,Google,No,0,5.0,663,5.0,Unreachable,Operations Management,Unemployed,Mumbai,No,Modified,0.6452631399290463,0,Rep_D
API,Google,No,1,2.0,779,2.0,SMS Sent,Finance Management,Unemployed,Mumbai,No,SMS Sent,0.6440104979788772,1,Rep_B
Landing Page Submission,Google,No,1,4.0,1136,4.0,Email Opened,Human Resource Management,Unemployed,Mumbai,No,Email Opened,0.6439448792006728,1,Rep_C
Landing Page Submission,Google,No,0,5.0,1209,5.0,Email Opened,IT Projects Management,Unemployed,Mumbai,No,Email Opened,0.64312778091235,0,Rep_D
API,Google,No,1,2.0,693,1.0,SMS Sent,Finance Management,Unemployed,Mumbai,No,SMS Sent,0.6426637156890966,1,Rep_B
API,Olark Chat,No,1,0.0,0,0.0,SMS Sent,Finance Management,Working Professional,Mumbai,No,Modified,0.6419405585130856,1,Rep_C
Landing Page Submission,Google,No,1,2.0,861,2.0,SMS Sent,Finance Management,Student,Mumbai,No,SMS Sent,0.6410231935473754,1,Rep_D
API,Google,No,0,3.0,847,3.0,SMS Sent,Finance Management,Unemployed,Mumbai,No,SMS Sent,0.640300912023644,0,Rep_B
Landing Page Submission,Direct Traffic,No,1,2.0,1020,2.0,Email Opened,Supply Chain Management,Unemployed,Mumbai,No,Modified,0.6394598355765856,1,Rep_C
API,Olark Chat,No,0,3.0,645,1.0,Page Visited on Website,Finance Management,Unemployed,Mumbai,No,Modified,0.6391996970173366,0,Rep_D
API,Google,No,1,3.0,829,1.5,SMS Sent,Finance Management,Unemployed,Mumbai,No,Modified,0.6391216087629427,1,Rep_B
Lead Add Form,Reference,No,1,0.0,0,0.0,Email Link Clicked,Marketing Management,Unemployed,Mumbai,No,Email Link Clicked,0.6382504139435984,1,Rep_C
Landing Page Submission,Direct Traffic,No,1,5.0,1563,5.0,Email Opened,Finance Management,Unemployed,Mumbai,Yes,Email Opened,0.6376920219755301,1,Rep_D
Landing Page Submission,Google,No,1,4.0,1245,4.0,Email Opened,Human Resource Management,Unemployed,Other Metro Cities,Yes,Email Opened,0.6367608631513743,1,Rep_B
API,Organic Search,No,1,13.0,475,2.17,SMS Sent,Finance Management,Unemployed,Mumbai,No,Modified,0.6365506642672957,1,Rep_C
Lead Add Form,Reference,No,1,0.0,0,0.0,Email Link Clicked,Human Resource Management,Unemployed,Mumbai,No,Email Link Clicked,0.6363656682110249,1,Rep_D
API,Olark Chat,No,1,10.0,1156,3.33,Email Opened,International Business,Unemployed,Mumbai,No,Email Opened,0.6349345764789163,1,Rep_B
Lead Add Form,Reference,No,1,0.0,0,0.0,Email Link Clicked,Business Administration,Unemployed,Mumbai,No,Email Link Clicked,0.6325836377419477,1,Rep_C
Landing Page Submission,Google,No,1,5.0,284,2.5,SMS Sent,Marketing Management,Unemployed,Thane & Outskirts,No,SMS Sent,0.6320162383175334,1,Rep_D
Landing Page Submission,Google,No,0,4.0,419,4.0,SMS Sent,Human Resource Management,Unemployed,Thane & Outskirts,No,SMS Sent,0.6317815223316146,0,Rep_B
Landing Page Submission,Direct Traffic,No,0,3.0,1346,3.0,Email Opened,Human Resource Management,Unemployed,Other Cities of Maharashtra,Yes,Email Opened,0.6307070804529283,0,Rep_C
Landing Page Submission,Direct Traffic,No,0,2.0,1319,2.0,Email Opened,Finance Management,Unemployed,Mumbai,Yes,Email Opened,0.6306213390011578,0,Rep_D
API,Organic Search,No,0,2.0,413,2.0,SMS Sent,Finance Management,Unemployed,Mumbai,No,SMS Sent,0.6301336204160662,0,Rep_B
Landing Page Submission,Direct Traffic,No,1,3.0,1158,1.5,Email Opened,Business Administration,Unemployed,Tier II Cities,Yes,Email Opened,0.628924893524304,1,Rep_C
API,Organic Search,No,1,4.0,83,4.0,SMS Sent,Finance Management,Working Professional,Mumbai,No,SMS Sent,0.6288207450909297,1,Rep_D
Landing Page Submission,Direct Traffic,No,0,2.0,784,2.0,SMS Sent,Supply Chain Management,Unemployed,Other Cities,Yes,Modified,0.6282532094267727,0,Rep_B
Landing Page Submission,Direct Traffic,No,0,2.0,1289,2.0,Email Opened,Finance Management,Unemployed,Other Cities,Yes,Email Opened,0.6272229411187165,0,Rep_C
Landing Page Submission,Organic Search,No,0,6.0,562,6.0,Unreachable,Human Resource Management,Unemployed,Mumbai,Yes,Modified,0.6264624224303412,0,Rep_D
Landing Page Submission,Google,No,0,5.0,582,5.0,SMS Sent,Business Administration,Unemployed,Mumbai,No,SMS Sent,0.6262929140852446,0,Rep_B
API,Referral Sites,No,0,6.0,973,6.0,Email Link Clicked,Finance Management,Unemployed,Mumbai,No,Modified,0.6260405058116082,0,Rep_C
Landing Page Submission,Google,No,1,4.0,1098,4.0,Email Opened,Finance Management,Unemployed,Mumbai,No,Email Opened,0.6246684890757236,1,Rep_D
Landing Page Submission,Organic Search,No,0,29.0,209,2.9,Page Visited on Website,Media and Advertising,Unemployed,Thane & Outskirts,Yes,Modified,0.6237709947529321,0,Rep_B
Landing Page Submission,Direct Traffic,No,0,2.0,1448,2.0,Email Link Clicked,Supply Chain Management,Unemployed,Mumbai,Yes,Email Link Clicked,0.6222883258432472,0,Rep_C
Landing Page Submission,Direct Traffic,No,0,3.0,747,3.0,SMS Sent,Human Resource Management,Unemployed,Other Cities,Yes,SMS Sent,0.6206419424056127,0,Rep_D
Landing Page Submission,Google,No,1,5.0,1113,5.0,Email Opened,International Business,Unemployed,Other Cities of Maharashtra,No,Email Opened,0.6204699009547011,1,Rep_B
API,Google,No,1,2.0,727,2.0,SMS Sent,Finance Management,Unemployed,Mumbai,No,SMS Sent,0.6201615275996658,1,Rep_C
API,Referral Sites,No,0,10.0,275,3.33,Page Visited on Website,Finance Management,Unemployed,Mumbai,No,Page Visited on Website,0.6200995598586683,0,Rep_D
API,Google,No,1,3.0,1292,3.0,Email Opened,Finance Management,Unemployed,Mumbai,No,Modified,0.6192853077926674,1,Rep_B
API,Organic Search,No,1,2.0,306,1.0,SMS Sent,Finance Management,Unemployed,Mumbai,No,SMS Sent,0.6190443815262778,1,Rep_C
Landing Page Submission,Direct Traffic,No,1,9.0,1324,3.0,Email Opened,Human Resource Management,Unemployed,Mumbai,Yes,Email Opened,0.6185947088096306,1,Rep_D
Landing Page Submission,Organic Search,No,1,7.0,1149,3.5,Email Opened,"Banking, Investment And Insurance",Student,Other Cities,No,Email Opened,0.6182655449387319,1,Rep_B
Landing Page Submission,Google,No,0,6.0,461,2.0,Page Visited on Website,Business Administration,Unemployed,Mumbai,No,Page Visited on Website,0.6129638610080529,0,Rep_C
Landing Page Submission,Organic Search,No,0,3.0,1246,3.0,Converted to Lead,Finance Management,Student,Mumbai,No,Modified,0.6113191018705857,0,Rep_D
API,Organic Search,No,1,11.0,1538,11.0,Email Opened,Marketing Management,Unemployed,Mumbai,No,Modified,0.6101150935255221,1,Rep_B
Landing Page Submission,Direct Traffic,No,1,3.0,1218,1.5,Email Opened,Marketing Management,Unemployed,Mumbai,Yes,Email Opened,0.610005630618148,1,Rep_C
Landing Page Submission,Organic Search,No,1,14.0,1627,14.0,Email Opened,Retail Management,Unemployed,Other Cities of Maharashtra,Yes,Email Opened,0.6096181307816846,1,Rep_D
Lead Import,Facebook,No,0,3.0,97,2.0,Email Opened,Finance Management,Unemployed,Mumbai,No,Modified,0.6084811416059311,0,Rep_B
Landing Page Submission,Direct Traffic,No,1,4.0,749,2.0,SMS Sent,Services Excellence,Unemployed,Mumbai,Yes,Modified,0.6071481828766646,1,Rep_C
Landing Page Submission,Direct Traffic,No,1,4.0,692,4.0,Email Opened,Operations Management,Working Professional,Other Cities of Maharashtra,No,Email Opened,0.6069290415468168,1,Rep_D
Landing Page Submission,Direct Traffic,No,1,2.0,640,2.0,SMS Sent,Human Resource Management,Unemployed,Other Cities,Yes,SMS Sent,0.6062275637909587,1,Rep_B
API,Organic Search,No,1,5.0,1291,5.0,Converted to Lead,Finance Management,Unemployed,Mumbai,No,Modified,0.6024838705420816,1,Rep_C
Lead Add Form,Reference,Yes,1,0.0,0,0.0,SMS Sent,Finance Management,Unemployed,Mumbai,No,Modified,0.6016471497868132,1,Rep_D
API,Google,No,1,3.0,1362,3.0,Email Opened,Finance Management,Unemployed,Mumbai,No,Email Opened,0.6009255502444923,1,Rep_B
Landing Page Submission,Google,No,0,4.0,396,4.0,SMS Sent,IT Projects Management,Unemployed,Other Cities of Maharashtra,No,SMS Sent,0.6006023245210204,0,Rep_C
Landing Page Submission,Direct Traffic,No,0,5.0,1145,5.0,Email Opened,Operations Management,Unemployed,Other Cities,No,Modified,0.599286931005147,0,Rep_D
API,Organic Search,No,1,11.0,591,3.67,Email Opened,Rural and Agribusiness,Working Professional,Other Cities,Yes,Modified,0.5990544353611172,1,Rep_B
Landing Page Submission,Direct Traffic,No,0,2.0,1243,2.0,Email Opened,Marketing Management,Unemployed,Mumbai,Yes,Email Opened,0.5989919466681812,0,Rep_C
Landing Page Submission,Google,No,0,2.0,212,2.0,SMS Sent,Media and Advertising,Unemployed,Other Metro Cities,No,SMS Sent,0.5982901673192896,0,Rep_D
Landing Page Submission,Google,No,1,14.0,376,2.8,SMS Sent,Human Resource Management,Unemployed,Mumbai,No,Modified,0.5969514112933173,1,Rep_B
API,Google,No,1,2.0,187,2.0,SMS Sent,Operations Management,Working Professional,Mumbai,No,SMS Sent,0.5969219889569845,1,Rep_C
Landing Page Submission,Organic Search,Yes,0,4.0,1377,2.0,Email Bounced,Travel and Tourism,Unemployed,Tier II Cities,Yes,Modified,0.5964111453737093,0,Rep_D
Landing Page Submission,Organic Search,No,0,10.0,212,3.33,Page Visited on Website,Operations Management,Unemployed,Mumbai,No,Modified,0.5960367702464049,0,Rep_B
Landing Page Submission,Organic Search,No,0,4.0,192,4.0,SMS Sent,Operations Management,Unemployed,Thane & Outskirts,Yes,SMS Sent,0.5956957780961637,0,Rep_C
Landing Page Submission,Google,No,0,4.0,930,4.0,Email Opened,Business Administration,Unemployed,Mumbai,No,Modified,0.5951089832937415,0,Rep_D
API,Google,No,1,2.0,1164,1.0,Form Submitted on Website,Finance Management,Unemployed,Mumbai,Yes,Modified,0.5946128204133069,1,Rep_B
Landing Page Submission,Google,No,1,3.0,949,3.0,Email Opened,Marketing Management,Unemployed,Mumbai,No,Email Opened,0.5943733956604369,1,Rep_C
Landing Page Submission,Organic Search,No,1,3.0,209,3.0,Unsubscribed,Human Resource Management,Unemployed,Mumbai,Yes,Modified,0.5936562380750341,1,Rep_D
Landing Page Submission,Direct Traffic,No,1,1.0,790,1.0,Converted to Lead,Finance Management,Working Professional,Mumbai,Yes,Modified,0.5921119105674293,1,Rep_B
Landing Page Submission,Direct Traffic,No,1,3.0,711,3.0,SMS Sent,Healthcare Management,Unemployed,Mumbai,Yes,SMS Sent,0.5917494170764533,1,Rep_C
Landing Page Submission,Direct Traffic,No,0,2.0,1151,2.0,Converted to Lead,Finance Management,Unemployed,Mumbai,No,Modified,0.591145080675749,0,Rep_D
Landing Page Submission,Google,No,1,4.0,1173,4.0,Email Link Clicked,Supply Chain Management,Unemployed,Mumbai,No,Email Link Clicked,0.5908004193093581,1,Rep_B
Lead Import,Facebook,No,0,0.0,0,0.0,Email Opened,Finance Management,Unemployed,Other Cities,No,Email Opened,0.590491153166702,0,Rep_C
Landing Page Submission,Organic Search,No,0,9.0,939,9.0,Olark Chat Conversation,Business Administration,Unemployed,Mumbai,Yes,Modified,0.5898829646634958,0,Rep_D
Lead Import,Facebook,No,0,0.0,0,0.0,Email Opened,Supply Chain Management,Unemployed,Mumbai,No,Email Opened,0.5875855053865021,0,Rep_B
Landing Page Submission,Google,No,0,4.0,952,4.0,Email Opened,Business Administration,Unemployed,Other Metro Cities,No,Email Opened,0.5859145227635458,0,Rep_C
API,Google,No,1,2.0,1171,1.0,Email Opened,Finance Management,Unemployed,Mumbai,No,Email Opened,0.5857946343385632,1,Rep_D
Landing Page Submission,Direct Traffic,No,0,9.0,458,3.0,SMS Sent,Finance Management,Unemployed,Mumbai,No,SMS Sent,0.5818668435639581,0,Rep_B
Landing Page Submission,Organic Search,No,0,3.0,145,3.0,SMS Sent,Travel and Tourism,Unemployed,Other Cities,Yes,SMS Sent,0.5805095299742311,0,Rep_C
Landing Page Submission,Google,No,1,2.0,251,2.0,SMS Sent,Finance Management,Unemployed,Mumbai,No,SMS Sent,0.5799085971576005,1,Rep_D
Lead Import,Facebook,No,0,0.0,0,0.0,Email Opened,Finance Management,Unemployed,Mumbai,No,Email Opened,0.5796598539930141,0,Rep_B
Lead Import,Facebook,No,1,0.0,0,0.0,Email Opened,Finance Management,Unemployed,Mumbai,No,Email Opened,0.5796598539930141,1,Rep_C
API,Referral Sites,No,0,2.0,480,1.0,Email Opened,Finance Management,Unemployed,Mumbai,No,Email Opened,0.5762603413086961,0,Rep_D
Landing Page Submission,Google,No,1,10.0,155,5.0,SMS Sent,Business Administration,Working Professional,Mumbai,Yes,SMS Sent,0.5762362291319739,1,Rep_B
API,Organic Search,No,0,5.0,527,5.0,SMS Sent,Finance Management,Unemployed,Mumbai,No,SMS Sent,0.5761083498911116,0,Rep_C
Landing Page Submission,Direct Traffic,No,1,3.0,1223,3.0,Email Opened,Operations Management,Unemployed,Other Cities of Maharashtra,Yes,Email Opened,0.5759575338010765,1,Rep_D
Landing Page Submission,Referral Sites,Yes,0,115.0,187,8.21,Page Visited on Website,Rural and Agribusiness,Unemployed,Mumbai,No,Page Visited on Website,0.5750912984908247,0,Rep_B
API,Olark Chat,No,0,0.0,0,0.0,Olark Chat Conversation,Supply Chain Management,Working Professional,Mumbai,No,Modified,0.5729305251711375,0,Rep_C
API,Organic Search,No,0,5.0,1117,5.0,Email Opened,Finance Management,Unemployed,Mumbai,No,Email Opened,0.571364949358102,0,Rep_D
Landing Page Submission,Direct Traffic,No,1,6.0,1218,3.0,Email Opened,Marketing Management,Unemployed,Other Cities,Yes,Email Opened,0.5712048737268592,1,Rep_B
Landing Page Submission,Google,No,1,5.0,1013,5.0,Email Opened,Finance Management,Unemployed,Other Cities of Maharashtra,No,Email Opened,0.5697139781862869,1,Rep_C
Landing Page Submission,Organic Search,No,0,10.0,869,5.0,Email Opened,Operations Management,Unemployed,Mumbai,Yes,Email Opened,0.5691801007006106,0,Rep_D
API,Google,No,0,3.0,1321,1.5,Email Opened,Business Administration,Unemployed,Other Cities of Maharashtra,Yes,Email Opened,0.5683505671179332,0,Rep_B
Landing Page Submission,Direct Traffic,No,1,6.0,1399,6.0,Email Opened,Finance Management,Unemployed,Thane & Outskirts,Yes,Email Opened,0.5671000239023781,1,Rep_C
Landing Page Submission,Direct Traffic,No,1,2.0,575,2.0,SMS Sent,Marketing Management,Unemployed,Mumbai,Yes,SMS Sent,0.5663052681500127,1,Rep_D
Landing Page Submission,Direct Traffic,No,1,3.0,1152,3.0,Email Opened,Supply Chain Management,Unemployed,Thane & Outskirts,Yes,Email Opened,0.5661718211290762,1,Rep_B
API,Direct Traffic,No,0,5.0,949,1.0,Olark Chat Conversation,Finance Management,Unemployed,Mumbai,No,Modified,0.5655145406146435,0,Rep_C
Landing Page Submission,Direct Traffic,No,1,6.0,1121,2.0,Email Opened,Media and Advertising,Unemployed,Other Cities,Yes,Email Opened,0.5651076155422912,1,Rep_D
API,Referral Sites,No,0,6.0,462,6.0,Page Visited on Website,Finance Management,Unemployed,Mumbai,No,Modified,0.5646224069568689,0,Rep_B
API,Google,No,1,8.0,1054,2.67,Email Opened,Rural and Agribusiness,Unemployed,Other Cities of Maharashtra,No,Modified,0.5633966833569665,1,Rep_C
Landing Page Submission,Google,No,0,2.0,219,2.0,SMS Sent,Business Administration,Unemployed,Mumbai,No,SMS Sent,0.5624517033442248,0,Rep_D
Landing Page Submission,Google,No,0,6.0,195,2.0,SMS Sent,Operations Management,Unemployed,Thane & Outskirts,No,Modified,0.5623852547288578,0,Rep_B
Landing Page Submission,Google,No,1,5.0,563,5.0,Email Opened,Finance Management,Working Professional,Mumbai,No,Email Opened,0.5620945925679006,1,Rep_C
API,Organic Search,No,0,7.0,1334,7.0,Email Opened,Business Administration,Unemployed,Mumbai,Yes,Modified,0.5602005045108406,0,Rep_D
Landing Page Submission,Google,No,0,4.0,126,2.0,SMS Sent,Healthcare Management,Unemployed,Other Metro Cities,No,SMS Sent,0.5595603052042389,0,Rep_B
Landing Page Submission,Organic Search,No,1,10.0,47,3.33,Email Opened,Finance Management,Working Professional,Mumbai,No,Email Opened,0.5584154047322822,1,Rep_C
Landing Page Submission,Google,Yes,1,3.0,922,3.0,SMS Sent,Supply Chain Management,Unemployed,Other Metro Cities,No,SMS Sent,0.5578439685916669,1,Rep_D
Landing Page Submission,Organic Search,No,1,3.0,301,3.0,Page Visited on Website,Finance Management,Unemployed,Mumbai,Yes,Page Visited on Website,0.5572352565532137,1,Rep_B
Landing Page Submission,Google,No,0,3.0,871,3.0,Email Opened,Marketing Management,Unemployed,Mumbai,No,Email Opened,0.5568049018548599,0,Rep_C
API,Organic Search,Yes,1,4.0,1734,4.0,Email Opened,Finance Management,Unemployed,Mumbai,No,Email Opened,0.5560177057981766,1,Rep_D
Landing Page Submission,Organic Search,No,0,5.0,208,5.0,SMS Sent,Media and Advertising,Unemployed,Other Metro Cities,Yes,SMS Sent,0.5551502752733819,0,Rep_B
Landing Page Submission,Google,No,0,10.0,524,1.67,Page Visited on Website,Human Resource Management,Unemployed,Mumbai,Yes,Modified,0.5549496891447597,0,Rep_C
Landing Page Submission,Direct Traffic,No,1,2.0,932,2.0,Email Opened,Operations Management,Unemployed,Other Cities,No,Email Opened,0.5542579162323304,1,Rep_D
Lead Add Form,Google,No,0,3.0,289,2.0,Email Opened,Finance Management,Unemployed,Mumbai,No,Modified,0.5533014774883459,0,Rep_B
Landing Page Submission,Direct Traffic,No,0,2.0,1133,2.0,Email Opened,Business Administration,Unemployed,Other Cities,Yes,Email Opened,0.5509297271039106,0,Rep_C
Landing Page Submission,Organic Search,No,1,6.0,36,3.0,SMS Sent,"Banking, Investment And Insurance",Unemployed,Other Metro Cities,Yes,SMS Sent,0.5481902438167198,1,Rep_D
API,Google,No,1,2.0,1090,1.0,Email Opened,Finance Management,Unemployed,Mumbai,No,Email Opened,0.5465694948404398,1,Rep_B
API,Organic Search,No,0,4.0,635,4.0,Olark Chat Conversation,Finance Management,Unemployed,Mumbai,No,Olark Chat Conversation,0.5463910186682429,0,Rep_C
Landing Page Submission,Organic Search,No,0,4.0,181,4.0,SMS Sent,Media and Advertising,Unemployed,Mumbai,Yes,SMS Sent,0.5460365427008539,0,Rep_D
Landing Page Submission,Direct Traffic,No,0,4.0,359,1.33,SMS Sent,Finance Management,Unemployed,Tier II Cities,Yes,SMS Sent,0.5459209887704944,0,Rep_B
API,Google,No,1,3.0,1152,3.0,Email Opened,Finance Management,Unemployed,Thane & Outskirts,No,Email Opened,0.5432749019137707,1,Rep_C
API,Organic Search,No,0,5.0,311,1.25,Page Visited on Website,Finance Management,Unemployed,Mumbai,No,Page Visited on Website,0.542942731447928,0,Rep_D
API,Referral Sites,No,0,2.0,494,2.0,Email Opened,Finance Management,Unemployed,Mumbai,No,Email Opened,0.5427146488593804,0,Rep_B
Landing Page Submission,Google,No,1,8.0,735,8.0,Email Opened,Supply Chain Management,Working Professional,Mumbai,No,Email Opened,0.5425783074927739,1,Rep_C
API,Organic Search,No,1,6.0,504,6.0,SMS Sent,International Business,Unemployed,Other Cities,No,SMS Sent,0.5422411887131894,1,Rep_D
Landing Page Submission,Referral Sites,No,0,13.0,263,2.6,Email Opened,Human Resource Management,Unemployed,Mumbai,Yes,Email Opened,0.5411593273452903,0,Rep_B
Landing Page Submission,Direct Traffic,No,1,5.0,282,1.67,SMS Sent,Marketing Management,Unemployed,Mumbai,No,SMS Sent,0.5407602551998839,1,Rep_C
API,Olark Chat,No,1,11.0,788,1.57,Email Opened,Healthcare Management,Unemployed,Other Cities,No,Email Opened,0.5406585282501628,1,Rep_D
Landing Page Submission,Direct Traffic,No,1,3.0,77,3.0,SMS Sent,Human Resource Management,Working Professional,Other Cities of Maharashtra,Yes,SMS Sent,0.5401935002959294,1,Rep_B
API,Google,No,1,8.0,1198,2.0,Email Opened,Finance Management,Unemployed,Mumbai,Yes,Modified,0.5379935673208118,1,Rep_C
API,Google,No,1,2.0,1059,2.0,Email Opened,IT Projects Management,Unemployed,Thane & Outskirts,No,Email Opened,0.5377360475943105,1,Rep_D
Lead Add Form,Reference,No,1,0.0,0,0.0,Email Opened,E-COMMERCE,Student,Mumbai,No,Modified,0.5351434319609607,1,Rep_B
API,Google,No,0,3.0,1114,3.0,Email Opened,Finance Management,Unemployed,Mumbai,No,Modified,0.5337926388998722,0,Rep_C
Landing Page Submission,Google,No,1,5.0,171,2.5,SMS Sent,Human Resource Management,Unemployed,Mumbai,No,SMS Sent,0.532786045158654,1,Rep_D
API,Olark Chat,No,1,5.0,968,1.25,Email Opened,Operations Management,Unemployed,Other Cities,Yes,Email Opened,0.5320724161523412,1,Rep_B
Landing Page Submission,Direct Traffic,No,1,11.0,1027,5.5,Email Opened,Media and Advertising,Unemployed,Mumbai,No,Modified,0.5303284608610642,1,Rep_C
Landing Page Submission,Google,No,1,5.0,977,5.0,Email Opened,Finance Management,Unemployed,Mumbai,No,Email Opened,0.5300710583714361,1,Rep_D
Landing Page Submission,Google,No,0,6.0,1236,6.0,Email Opened,International Business,Unemployed,Mumbai,Yes,Email Opened,0.5286149734400349,0,Rep_B
Landing Page Submission,Direct Traffic,No,0,2.0,300,2.0,SMS Sent,Operations Management,Unemployed,Mumbai,No,SMS Sent,0.5274257675015326,0,Rep_C
Lead Add Form,Reference,No,1,0.0,0,0.0,Email Opened,Healthcare Management,Student,Thane & Outskirts,No,Email Opened,0.5273318436710058,1,Rep_D
Landing Page Submission,Direct Traffic,No,1,2.0,16,2.0,SMS Sent,IT Projects Management,Working Professional,Mumbai,Yes,SMS Sent,0.526114706936958,1,Rep_B
Landing Page Submission,Direct Traffic,No,0,12.0,1354,6.0,Email Opened,Media and Advertising,Unemployed,Mumbai,Yes,Email Opened,0.5256727563670405,0,Rep_C
Landing Page Submission,Direct Traffic,No,0,5.0,1059,2.5,Email Opened,Rural and Agribusiness,Unemployed,Other Cities of Maharashtra,Yes,Email Opened,0.524230282375553,0,Rep_D
Landing Page Submission,Google,No,0,6.0,726,2.0,Email Opened,Business Administration,Unemployed,Other Metro Cities,Yes,Modified,0.5227429439935959,0,Rep_B
API,Organic Search,Yes,1,13.0,1334,6.5,SMS Sent,Healthcare Management,Unemployed,Other Metro Cities,Yes,SMS Sent,0.5219178298960176,1,Rep_C
Landing Page Submission,Organic Search,No,0,5.0,186,5.0,SMS Sent,Marketing Management,Unemployed,Other Cities,Yes,SMS Sent,0.5215235147426294,0,Rep_D
Landing Page Submission,Google,No,1,5.0,752,2.5,Email Opened,Finance Management,Unemployed,Mumbai,No,Email Opened,0.5214939741034856,1,Rep_B
Landing Page Submission,Google,No,0,2.0,511,2.0,Form Submitted on Website,Healthcare Management,Unemployed,Mumbai,No,Modified,0.5212564051498347,0,Rep_C
Landing Page Submission,Google,No,1,5.0,235,5.0,SMS Sent,Operations Management,Unemployed,Tier II Cities,No,SMS Sent,0.5211909553388183,1,Rep_D
Landing Page Submission,Direct Traffic,No,1,7.0,1174,3.5,Email Opened,Human Resource Management,Unemployed,Mumbai,Yes,Email Opened,0.5196903379729519,1,Rep_B
Landing Page Submission,Google,No,1,11.0,1039,5.5,Email Opened,"Banking, Investment And Insurance",Unemployed,Tier II Cities,Yes,Email Opened,0.5184832619146822,1,Rep_C
Landing Page Submission,Google,No,0,2.0,729,2.0,Email Opened,"Banking, Investment And Insurance",Unemployed,Mumbai,No,Email Opened,0.5177898345232109,0,Rep_D
Landing Page Submission,Google,No,1,3.0,126,3.0,SMS Sent,IT Projects Management,Unemployed,Other Metro Cities,No,SMS Sent,0.5175563408751445,1,Rep_B
API,Google,No,1,2.0,1113,2.0,Email Opened,Finance Management,Unemployed,Mumbai,No,Email Opened,0.5170956961110484,1,Rep_C
Landing Page Submission,Direct Traffic,No,0,2.0,392,2.0,SMS Sent,Finance Management,Unemployed,Thane & Outskirts,Yes,SMS Sent,0.5169829411651149,0,Rep_D
Landing Page Submission,Google,No,0,4.0,758,4.0,Email Opened,International Business,Unemployed,Mumbai,No,Modified,0.5168854854151333,0,Rep_B
Landing Page Submission,Direct Traffic,No,0,2.0,289,2.0,SMS Sent,Finance Management,Unemployed,Mumbai,No,SMS Sent,0.516586392336919,0,Rep_C
Landing Page Submission,Google,No,0,4.0,110,2.0,SMS Sent,Business Administration,Unemployed,Mumbai,No,SMS Sent,0.5157662844454207,0,Rep_D
Landing Page Submission,Direct Traffic,No,1,2.0,1050,2.0,Email Opened,IT Projects Management,Unemployed,Other Cities,Yes,Email Opened,0.5149256577575639,1,Rep_B
Landing Page Submission,Organic Search,No,1,3.0,933,3.0,Email Opened,Human Resource Management,Student,Mumbai,No,Email Opened,0.5145976600370789,1,Rep_C
Landing Page Submission,Google,No,0,3.0,212,3.0,SMS Sent,Finance Management,Unemployed,Thane & Outskirts,No,Modified,0.5145887493555147,0,Rep_D
API,Google,No,1,4.0,659,4.0,SMS Sent,Finance Management,Unemployed,Mumbai,No,SMS Sent,0.5138760145862834,1,Rep_B
Landing Page Submission,Direct Traffic,No,0,2.0,403,2.0,Email Opened,Finance Management,Working Professional,Mumbai,No,Email Opened,0.5134730338615928,0,Rep_C
Landing Page Submission,Direct Traffic,No,0,2.0,404,2.0,SMS Sent,Finance Management,Unemployed,Other Metro Cities,Yes,SMS Sent,0.5117506517538886,0,Rep_D
Landing Page Submission,Direct Traffic,No,0,3.0,994,1.5,Email Opened,IT Projects Management,Unemployed,Other Cities,Yes,Email Opened,0.5111572010066925,0,Rep_B
Landing Page Submission,Google,No,0,2.0,105,2.0,SMS Sent,Human Resource Management,Unemployed,Mumbai,No,SMS Sent,0.5106332210408222,0,Rep_C
API,Google,No,0,3.0,449,1.5,SMS Sent,Finance Management,Unemployed,Mumbai,No,SMS Sent,0.5093020379186938,0,Rep_D
API,Organic Search,No,0,4.0,313,4.0,SMS Sent,Finance Management,Unemployed,Mumbai,No,SMS Sent,0.508736217351563,0,Rep_B
Landing Page Submission,Google,Yes,1,6.0,1047,6.0,SMS Sent,"Banking, Investment And Insurance",Unemployed,Thane & Outskirts,No,SMS Sent,0.5073182831239886,1,Rep_C
Landing Page Submission,Google,No,0,3.0,129,3.0,SMS Sent,Human Resource Management,Unemployed,Other Cities of Maharashtra,No,SMS Sent,0.5072083545833677,0,Rep_D
Landing Page Submission,Organic Search,No,0,9.0,338,2.25,Email Opened,Finance Management,Unemployed,Mumbai,No,Email Opened,0.5065605761550387,0,Rep_B
Landing Page Submission,Organic Search,No,1,8.0,1014,8.0,Email Opened,Finance Management,Unemployed,Mumbai,Yes,Email Opened,0.506116282628391,1,Rep_C
Landing Page Submission,Direct Traffic,No,1,3.0,1136,3.0,Email Opened,Finance Management,Unemployed,Mumbai,Yes,Email Opened,0.5058983831102866,1,Rep_D
API,Google,No,1,2.0,406,1.0,SMS Sent,Finance Management,Unemployed,Mumbai,No,SMS Sent,0.5051953450638362,1,Rep_B
Landing Page Submission,Direct Traffic,No,0,2.0,1054,2.0,Email Opened,Human Resource Management,Unemployed,Mumbai,Yes,Email Opened,0.5050683853053411,0,Rep_C
Landing Page Submission,Direct Traffic,No,0,4.0,161,2.0,Unreachable,Marketing Management,Unemployed,Mumbai,No,Unreachable,0.5046289471117453,0,Rep_D
Landing Page Submission,Organic Search,No,1,5.0,112,5.0,SMS Sent,Healthcare Management,Unemployed,Other Metro Cities,Yes,SMS Sent,0.5039539684560418,1,Rep_B
Landing Page Submission,Google,No,0,5.0,426,5.0,SMS Sent,Human Resource Management,Unemployed,Mumbai,No,Modified,0.502408206543255,0,Rep_C
Landing Page Submission,Direct Traffic,No,0,5.0,209,1.67,SMS Sent,Finance Management,Unemployed,Mumbai,No,SMS Sent,0.5007723503842739,0,Rep_D
API,Olark Chat,No,0,1.0,422,1.0,Olark Chat Conversation,Finance Management,Unemployed,Mumbai,No,Modified,0.49936491493688523,0,Rep_B
Landing Page Submission,Direct Traffic,No,1,2.0,942,2.0,Email Opened,Operations Management,Unemployed,Thane & Outskirts,Yes,Email Opened,0.4978496331663272,1,Rep_C
Landing Page Submission,Organic Search,No,1,11.0,608,11.0,SMS Sent,Supply Chain Management,Unemployed,Mumbai,Yes,SMS Sent,0.49714845739363217,1,Rep_D
Landing Page Submission,Google,No,0,9.0,838,4.5,Email Opened,Healthcare Management,Unemployed,Mumbai,No,Email Opened,0.4962042673752125,0,Rep_B
Landing Page Submission,Direct Traffic,No,0,11.0,1236,11.0,SMS Sent,Business Administration,Unemployed,Mumbai,Yes,Modified,0.49460548970189155,0,Rep_C
Landing Page Submission,Organic Search,No,0,8.0,55,4.0,SMS Sent,Hospitality Management,Unemployed,Mumbai,Yes,SMS Sent,0.49412592232748,0,Rep_D
API,Referral Sites,No,0,7.0,103,3.5,Page Visited on Website,Finance Management,Unemployed,Mumbai,No,Modified,0.49367481372421607,0,Rep_B
API,Google,No,1,4.0,995,1.33,Email Opened,Finance Management,Unemployed,Mumbai,No,Email Opened,0.49308968205207826,1,Rep_C
API,Google,No,1,2.0,464,2.0,SMS Sent,Finance Management,Unemployed,Mumbai,No,SMS Sent,0.49285456099249714,1,Rep_D
API,Google,No,0,2.0,951,2.0,Email Opened,Finance Management,Unemployed,Mumbai,No,Modified,0.4910296373964581,0,Rep_B
API,Organic Search,No,0,4.0,331,4.0,Unreachable,Finance Management,Unemployed,Mumbai,No,Modified,0.4906779027601235,0,Rep_C
API,Olark Chat,No,0,0.0,0,0.0,View in browser link Clicked,Finance Management,Unemployed,Mumbai,No,Modified,0.49011624052936026,0,Rep_D
Landing Page Submission,Google,No,1,1.0,598,1.0,Converted to Lead,Operations Management,Unemployed,Thane & Outskirts,No,Modified,0.4898263007356065,1,Rep_B
API,Olark Chat,No,1,9.0,932,3.0,Email Opened,Operations Management,Unemployed,Thane & Outskirts,Yes,Email Opened,0.4896689616604724,1,Rep_C
Landing Page Submission,Google,No,0,3.0,251,3.0,SMS Sent,Finance Management,Unemployed,Mumbai,No,Modified,0.48920937025156264,0,Rep_D
Landing Page Submission,Google,No,0,2.0,49,2.0,SMS Sent,Supply Chain Management,Unemployed,Mumbai,No,SMS Sent,0.48913430556951937,0,Rep_B
Landing Page Submission,Google,No,0,4.0,641,2.0,Email Opened,Marketing Management,Unemployed,Mumbai,No,Email Opened,0.48794320733335567,0,Rep_C
Landing Page Submission,Google,No,1,18.0,874,3.6,Email Opened,Human Resource Management,Unemployed,Mumbai,Yes,Email Opened,0.4875172231609346,1,Rep_D
Landing Page Submission,Direct Traffic,No,0,2.0,638,2.0,Page Visited on Website,Healthcare Management,Unemployed,Mumbai,Yes,Modified,0.4867875373341531,0,Rep_B
Landing Page Submission,Google,No,0,2.0,31,2.0,SMS Sent,Human Resource Management,Unemployed,Other Cities,No,SMS Sent,0.4852990219640323,0,Rep_C
Landing Page Submission,Direct Traffic,No,1,7.0,950,1.75,Email Opened,Marketing Management,Unemployed,Mumbai,Yes,Email Opened,0.4829295482406283,1,Rep_D
Lead Add Form,Google,No,1,0.0,0,0.0,Email Opened,Finance Management,Unemployed,Mumbai,No,Modified,0.4827539980891615,1,Rep_B
Lead Add Form,Google,No,1,0.0,0,0.0,Email Opened,Supply Chain Management,Unemployed,Thane & Outskirts,No,Email Opened,0.4817078902227884,1,Rep_C
Landing Page Submission,Direct Traffic,No,1,3.0,482,3.0,SMS Sent,Human Resource Management,Unemployed,Mumbai,Yes,SMS Sent,0.481231806382218,1,Rep_D
Landing Page Submission,Direct Traffic,No,0,2.0,567,2.0,Page Visited on Website,IT Projects Management,Unemployed,Mumbai,Yes,Page Visited on Website,0.4807273748100999,0,Rep_B
API,Google,No,0,3.0,514,3.0,SMS Sent,Finance Management,Unemployed,Mumbai,No,SMS Sent,0.47995188180951903,0,Rep_C
API,Olark Chat,No,1,0.0,0,0.0,SMS Sent,Operations Management,Unemployed,Other Cities,No,SMS Sent,0.47988810937593757,1,Rep_D
Landing Page Submission,Direct Traffic,No,1,3.0,110,3.0,Page Visited on Website,E-COMMERCE,Working Professional,Tier II Cities,Yes,Modified,0.4797264154854629,1,Rep_B
API,Organic Search,No,0,3.0,232,3.0,Unreachable,Finance Management,Unemployed,Mumbai,No,Modified,0.47943591812797964,0,Rep_C
Lead Add Form,Reference,No,1,0.0,0,0.0,Email Opened,"Banking, Investment And Insurance",Student,Mumbai,No,Email Opened,0.4793544681987128,1,Rep_D
Landing Page Submission,Direct Traffic,No,1,1.0,944,1.0,Converted to Lead,Human Resource Management,Unemployed,Thane & Outskirts,Yes,Modified,0.47931063826593406,1,Rep_B
Landing Page Submission,Google,No,0,3.0,393,3.0,Olark Chat Conversation,Finance Management,Unemployed,Mumbai,No,Modified,0.47860263073723835,0,Rep_C
Landing Page Submission,Direct Traffic,No,1,8.0,1335,8.0,SMS Sent,Human Resource Management,Student,Mumbai,Yes,SMS Sent,0.4775735169155968,1,Rep_D
Landing Page Submission,Google,Yes,0,6.0,652,3.0,Unsubscribed,Human Resource Management,Unemployed,Mumbai,No,Unsubscribed,0.4761834953449382,0,Rep_B
Landing Page Submission,Google,No,0,5.0,169,2.5,SMS Sent,Finance Management,Unemployed,Mumbai,No,Modified,0.4760065005865879,0,Rep_C
Landing Page Submission,Direct Traffic,No,0,3.0,176,1.5,SMS Sent,Finance Management,Unemployed,Thane & Outskirts,No,Modified,0.4755288226060025,0,Rep_D
Landing Page Submission,Direct Traffic,No,1,19.0,312,2.38,SMS Sent,Finance Management,Unemployed,Mumbai,Yes,SMS Sent,0.47473515249008275,1,Rep_B
Landing Page Submission,Direct Traffic,No,0,2.0,323,2.0,Email Opened,Finance Management,Working Professional,Mumbai,No,Email Opened,0.4740458361382423,0,Rep_C
Landing Page Submission,Google,No,0,4.0,692,4.0,Email Opened,Human Resource Management,Unemployed,Thane & Outskirts,No,Email Opened,0.473806187006506,0,Rep_D
Landing Page Submission,Google,No,1,4.0,776,4.0,Email Opened,Marketing Management,Unemployed,Mumbai,No,Email Opened,0.4726555444438831,1,Rep_B
Landing Page Submission,Direct Traffic,No,0,3.0,404,3.0,SMS Sent,Supply Chain Management,Unemployed,Other Cities of Maharashtra,Yes,SMS Sent,0.47121229445896207,0,Rep_C
Landing Page Submission,Organic Search,No,0,9.0,414,9.0,SMS Sent,IT Projects Management,Unemployed,Mumbai,Yes,SMS Sent,0.4712120257172019,0,Rep_D
API,Organic Search,No,0,6.0,139,3.0,SMS Sent,Finance Management,Unemployed,Mumbai,No,SMS Sent,0.4706520974162056,0,Rep_B
Landing Page Submission,Google,No,1,5.0,1123,2.5,Email Opened,Healthcare Management,Student,Mumbai,No,Email Opened,0.46871182196929495,1,Rep_C
API,Google,No,1,4.0,811,1.33,Email Link Clicked,Operations Management,Working Professional,Mumbai,Yes,Email Link Clicked,0.46861101607857547,1,Rep_D
Landing Page Submission,Organic Search,No,0,7.0,136,7.0,SMS Sent,Travel and Tourism,Unemployed,Other Cities,No,Modified,0.4677348239561481,0,Rep_B
API,Organic Search,No,1,9.0,234,4.5,SMS Sent,Finance Management,Unemployed,Mumbai,No,SMS Sent,0.4662247078248603,1,Rep_C
API,Google,No,1,5.0,633,5.0,SMS Sent,Finance Management,Unemployed,Mumbai,No,SMS Sent,0.46355028857254577,1,Rep_D
Landing Page Submission,Direct Traffic,No,1,5.0,899,1.67,Email Opened,Human Resource Management,Unemployed,Other Cities,Yes,Email Opened,0.4634803654698906,1,Rep_B
API,Olark Chat,No,1,0.0,0,0.0,SMS Sent,Finance Management,Unemployed,Mumbai,No,SMS Sent,0.46335241481554346,1,Rep_C
API,Olark Chat,No,1,0.0,0,0.0,SMS Sent,Finance Management,Unemployed,Mumbai,No,SMS Sent,0.46335241481554346,1,Rep_D
API,Olark Chat,No,1,0.0,0,0.0,SMS Sent,Finance Management,Unemployed,Mumbai,No,SMS Sent,0.46335241481554346,1,Rep_B
API,Olark Chat,No,1,0.0,0,0.0,SMS Sent,Finance Management,Unemployed,Mumbai,No,SMS Sent,0.46335241481554346,1,Rep_C
API,Olark Chat,No,1,0.0,0,0.0,SMS Sent,Finance Management,Unemployed,Mumbai,No,SMS Sent,0.46335241481554346,1,Rep_D
API,Olark Chat,No,1,0.0,0,0.0,SMS Sent,Finance Management,Unemployed,Mumbai,No,SMS Sent,0.46335241481554346,1,Rep_B
API,Olark Chat,No,1,0.0,0,0.0,SMS Sent,Finance Management,Unemployed,Mumbai,No,SMS Sent,0.46335241481554346,1,Rep_C
API,Olark Chat,No,0,0.0,0,0.0,SMS Sent,Finance Management,Unemployed,Mumbai,No,SMS Sent,0.46335241481554346,0,Rep_D
API,Olark Chat,No,1,0.0,0,0.0,SMS Sent,Finance Management,Unemployed,Mumbai,No,SMS Sent,0.46335241481554346,1,Rep_B
API,Olark Chat,No,1,0.0,0,0.0,SMS Sent,Finance Management,Unemployed,Mumbai,No,SMS Sent,0.46335241481554346,1,Rep_C
API,Olark Chat,No,1,0.0,0,0.0,SMS Sent,Finance Management,Unemployed,Mumbai,No,SMS Sent,0.46335241481554346,1,Rep_D
API,Olark Chat,No,0,0.0,0,0.0,SMS Sent,Finance Management,Unemployed,Mumbai,No,SMS Sent,0.46335241481554346,0,Rep_B
API,Olark Chat,No,0,0.0,0,0.0,SMS Sent,Finance Management,Unemployed,Mumbai,No,SMS Sent,0.46335241481554346,0,Rep_C
API,Olark Chat,No,1,0.0,0,0.0,SMS Sent,Finance Management,Unemployed,Mumbai,No,SMS Sent,0.46335241481554346,1,Rep_D
API,Olark Chat,No,1,0.0,0,0.0,SMS Sent,Finance Management,Unemployed,Mumbai,No,SMS Sent,0.46335241481554346,1,Rep_B
API,Olark Chat,No,0,0.0,0,0.0,SMS Sent,Finance Management,Unemployed,Mumbai,No,SMS Sent,0.46335241481554346,0,Rep_C
API,Olark Chat,No,0,0.0,0,0.0,SMS Sent,Finance Management,Unemployed,Mumbai,No,SMS Sent,0.46335241481554346,0,Rep_D
API,Olark Chat,No,0,0.0,0,0.0,SMS Sent,Finance Management,Unemployed,Mumbai,No,SMS Sent,0.46335241481554346,0,Rep_B
API,Olark Chat,No,1,0.0,0,0.0,SMS Sent,Finance Management,Unemployed,Mumbai,No,SMS Sent,0.46335241481554346,1,Rep_C
API,Olark Chat,No,0,0.0,0,0.0,SMS Sent,Finance Management,Unemployed,Mumbai,No,SMS Sent,0.46335241481554346,0,Rep_D
API,Olark Chat,No,1,0.0,0,0.0,SMS Sent,Finance Management,Unemployed,Mumbai,No,SMS Sent,0.46335241481554346,1,Rep_B
API,Olark Chat,No,1,0.0,0,0.0,SMS Sent,Finance Management,Unemployed,Mumbai,No,SMS Sent,0.46335241481554346,1,Rep_C
API,Olark Chat,No,1,0.0,0,0.0,SMS Sent,Finance Management,Unemployed,Mumbai,No,SMS Sent,0.46335241481554346,1,Rep_D
API,Olark Chat,No,1,0.0,0,0.0,SMS Sent,Finance Management,Unemployed,Mumbai,No,SMS Sent,0.46335241481554346,1,Rep_B
API,Olark Chat,No,0,0.0,0,0.0,SMS Sent,Finance Management,Unemployed,Mumbai,No,SMS Sent,0.46335241481554346,0,Rep_C
API,Olark Chat,No,1,0.0,0,0.0,SMS Sent,Finance Management,Unemployed,Mumbai,No,SMS Sent,0.46335241481554346,1,Rep_D
API,Olark Chat,No,1,0.0,0,0.0,SMS Sent,Finance Management,Unemployed,Mumbai,No,SMS Sent,0.46335241481554346,1,Rep_B
API,Olark Chat,No,1,0.0,0,0.0,SMS Sent,Finance Management,Unemployed,Mumbai,No,SMS Sent,0.46335241481554346,1,Rep_C
API,Olark Chat,No,1,0.0,0,0.0,SMS Sent,Finance Management,Unemployed,Mumbai,No,SMS Sent,0.46335241481554346,1,Rep_D
API,Olark Chat,No,1,0.0,0,0.0,SMS Sent,Finance Management,Unemployed,Mumbai,No,SMS Sent,0.46335241481554346,1,Rep_B
API,Olark Chat,No,1,0.0,0,0.0,SMS Sent,Finance Management,Unemployed,Mumbai,No,SMS Sent,0.46335241481554346,1,Rep_C
Landing Page Submission,Google,No,0,4.0,679,4.0,Email Opened,"Banking, Investment And Insurance",Unemployed,Thane & Outskirts,No,Email Opened,0.46268400547309513,0,Rep_D
API,Google,No,1,2.0,1108,2.0,Converted to Lead,Finance Management,Unemployed,Mumbai,No,Modified,0.461004593646879,1,Rep_B
API,Olark Chat,No,1,0.0,0,0.0,Email Opened,IT Projects Management,Working Professional,Mumbai,No,Modified,0.4605690109673126,1,Rep_C
API,Google,No,0,2.0,889,2.0,Email Opened,Finance Management,Unemployed,Mumbai,No,Modified,0.4605342404183278,0,Rep_D
Landing Page Submission,Direct Traffic,No,0,3.0,381,1.5,Page Visited on Website,Operations Management,Unemployed,Thane & Outskirts,Yes,Page Visited on Website,0.46025527137198946,0,Rep_B
Landing Page Submission,Google,No,1,4.0,2,2.0,Unreachable,Finance Management,Unemployed,Other Cities of Maharashtra,No,Modified,0.4600050532111281,1,Rep_C
Landing Page Submission,Organic Search,No,0,5.0,308,5.0,Page Visited on Website,Finance Management,Unemployed,Mumbai,Yes,Modified,0.45897856320330954,0,Rep_D
API,Google,No,0,3.0,937,1.5,Email Opened,Marketing Management,Unemployed,Mumbai,No,Email Opened,0.4583244833732303,0,Rep_B
Landing Page Submission,Direct Traffic,No,1,4.0,941,2.0,Email Opened,Marketing Management,Unemployed,Mumbai,Yes,Email Opened,0.4582239374142853,1,Rep_C
Landing Page Submission,Google,No,0,2.0,399,2.0,Email Opened,Finance Management,Unemployed,Thane & Outskirts,No,Modified,0.4563191974129875,0,Rep_D
Landing Page Submission,Direct Traffic,No,0,2.0,1420,2.0,Email Opened,Supply Chain Management,Student,Mumbai,Yes,Email Opened,0.45532178182375344,0,Rep_B
Landing Page Submission,Google,No,0,5.0,208,5.0,SMS Sent,Supply Chain Management,Unemployed,Mumbai,No,SMS Sent,0.45495477104879,0,Rep_C
Landing Page Submission,Google,No,0,5.0,442,1.67,Email Opened,Operations Management,Unemployed,Thane & Outskirts,No,Email Opened,0.4528042527669901,0,Rep_D
Landing Page Submission,Organic Search,No,0,5.0,67,5.0,SMS Sent,Media and Advertising,Unemployed,Mumbai,Yes,SMS Sent,0.4525175592971495,0,Rep_B
Landing Page Submission,Direct Traffic,No,1,2.0,918,2.0,Email Opened,Marketing Management,Unemployed,Other Cities,Yes,Email Opened,0.45134475108347827,1,Rep_C
API,Direct Traffic,No,1,2.0,1138,2.0,Email Opened,Marketing Management,Unemployed,Mumbai,No,Email Opened,0.45091956684407936,1,Rep_D
Landing Page Submission,Google,No,0,8.0,100,2.67,SMS Sent,Operations Management,Unemployed,Mumbai,No,Modified,0.4507165762290805,0,Rep_B
Landing Page Submission,Google,No,1,6.0,1079,6.0,Email Opened,Human Resource Management,Unemployed,Mumbai,Yes,Email Opened,0.45002659543601453,1,Rep_C
Landing Page Submission,Organic Search,No,0,4.0,213,4.0,Page Visited on Website,Finance Management,Unemployed,Mumbai,Yes,Modified,0.4497762742593493,0,Rep_D
Landing Page Submission,Google,No,0,9.0,181,3.0,Page Visited on Website,Finance Management,Unemployed,Mumbai,No,Page Visited on Website,0.448259214494262,0,Rep_B
Landing Page Submission,Google,No,0,4.0,59,2.0,SMS Sent,Travel and Tourism,Unemployed,Mumbai,No,Modified,0.44786154339545586,0,Rep_C
Landing Page Submission,Direct Traffic,No,0,2.0,247,2.0,SMS Sent,Human Resource Management,Unemployed,Thane & Outskirts,Yes,SMS Sent,0.4477098213802199,0,Rep_D
Landing Page Submission,Organic Search,No,0,9.0,137,9.0,SMS Sent,Travel and Tourism,Unemployed,Other Cities,No,SMS Sent,0.4470593960489817,0,Rep_B
Landing Page Submission,Google,No,0,1.0,583,1.0,Converted to Lead,IT Projects Management,Unemployed,Other Cities,No,Modified,0.44645129168134545,0,Rep_C
Landing Page Submission,Direct Traffic,No,1,3.0,382,3.0,SMS Sent,Media and Advertising,Unemployed,Other Cities,Yes,SMS Sent,0.4459899791357743,1,Rep_D
Landing Page Submission,Direct Traffic,Yes,0,3.0,434,1.5,Page Visited on Website,Finance Management,Working Professional,Other Metro Cities,No,Page Visited on Website,0.4439955047333354,0,Rep_B
Landing Page Submission,Organic Search,No,0,9.0,901,9.0,Email Opened,"Banking, Investment And Insurance",Unemployed,Other Metro Cities,Yes,Email Opened,0.44380119782805666,0,Rep_C
Landing Page Submission,Google,No,0,6.0,268,6.0,SMS Sent,Marketing Management,Unemployed,Mumbai,No,SMS Sent,0.44302269780205283,0,Rep_D
API,Organic Search,No,0,4.0,287,4.0,SMS Sent,Finance Management,Unemployed,Mumbai,No,Modified,0.4423518444657883,0,Rep_B
Landing Page Submission,Google,No,1,4.0,117,4.0,SMS Sent,Human Resource Management,Unemployed,Mumbai,No,SMS Sent,0.44167644922480415,1,Rep_C
Landing Page Submission,Google,No,0,2.0,250,2.0,Form Submitted on Website,Marketing Management,Unemployed,Thane & Outskirts,No,Modified,0.4408458983400045,0,Rep_D
API,Olark Chat,No,1,3.0,166,1.5,Email Opened,Operations Management,Working Professional,Mumbai,No,Email Opened,0.44024177877609705,1,Rep_B
Landing Page Submission,Google,No,0,3.0,246,3.0,Page Visited on Website,Retail Management,Unemployed,Mumbai,No,Modified,0.43939100427011296,0,Rep_C
Landing Page Submission,Google,No,1,5.0,96,1.67,Email Opened,Finance Management,Working Professional,Other Cities,Yes,Modified,0.4387195360190954,1,Rep_D
Landing Page Submission,Google,No,0,3.0,409,3.0,Form Submitted on Website,Operations Management,Unemployed,Mumbai,No,Modified,0.4384640352274749,0,Rep_B
Landing Page Submission,Google,No,0,4.0,205,4.0,SMS Sent,Business Administration,Unemployed,Other Cities,No,Modified,0.43838124890955116,0,Rep_C
API,Olark Chat,No,1,0.0,0,0.0,Unreachable,Finance Management,Unemployed,Mumbai,No,Modified,0.436690806659419,1,Rep_D
Landing Page Submission,Direct Traffic,No,0,2.0,334,2.0,Unreachable,Rural and Agribusiness,Unemployed,Other Cities,Yes,Modified,0.43514622404422726,0,Rep_B
API,Google,No,1,3.0,899,3.0,SMS Sent,Finance Management,Student,Mumbai,No,SMS Sent,0.43372204485646854,1,Rep_C
Landing Page Submission,Direct Traffic,No,0,2.0,408,2.0,SMS Sent,Operations Management,Unemployed,Mumbai,Yes,Modified,0.4322953940256189,0,Rep_D
API,Organic Search,No,0,4.0,157,4.0,SMS Sent,Finance Management,Unemployed,Mumbai,No,SMS Sent,0.4322219681329215,0,Rep_B
Landing Page Submission,Direct Traffic,No,1,3.0,1353,3.0,Email Opened,Healthcare Management,Student,Mumbai,Yes,Modified,0.4313699502724216,1,Rep_C
API,Organic Search,No,0,2.0,189,1.0,Olark Chat Conversation,Finance Management,Unemployed,Mumbai,No,Modified,0.4296727622432017,0,Rep_D
Landing Page Submission,Direct Traffic,No,1,4.0,906,4.0,SMS Sent,Finance Management,Student,Other Cities,Yes,SMS Sent,0.42593885611131904,1,Rep_B
Landing Page Submission,Google,No,0,3.0,110,3.0,SMS Sent,Marketing Management,Unemployed,Mumbai,No,Modified,0.42433302462802824,0,Rep_C
API,Olark Chat,No,1,0.0,0,0.0,Resubscribed to emails,Finance Management,Unemployed,Mumbai,No,Resubscribed to emails,0.42355281559319724,1,Rep_D
Landing Page Submission,Organic Search,No,0,6.0,361,3.0,Email Opened,Rural and Agribusiness,Unemployed,Other Metro Cities,Yes,Email Opened,0.4229327187261233,0,Rep_B
Landing Page Submission,Google,No,0,5.0,157,5.0,SMS Sent,Finance Management,Unemployed,Mumbai,No,SMS Sent,0.42216463046874875,0,Rep_C
API,Google,No,1,24.0,282,3.43,SMS Sent,Human Resource Management,Unemployed,Mumbai,No,SMS Sent,0.42146432564594377,1,Rep_D
API,Google,No,1,2.0,915,2.0,Email Opened,Finance Management,Unemployed,Mumbai,No,Email Opened,0.42014376407331644,1,Rep_B
Landing Page Submission,Direct Traffic,No,1,6.0,109,6.0,SMS Sent,E-COMMERCE,Working Professional,Mumbai,Yes,SMS Sent,0.41903868775676084,1,Rep_C
Landing Page Submission,Google,Yes,0,7.0,720,3.5,Unsubscribed,Supply Chain Management,Unemployed,Mumbai,No,Modified,0.41871504392277586,0,Rep_D
Landing Page Submission,Direct Traffic,No,0,4.0,1017,4.0,Email Link Clicked,Supply Chain Management,Unemployed,Mumbai,Yes,Modified,0.41857931908703283,0,Rep_B
Landing Page Submission,Direct Traffic,No,1,4.0,965,4.0,Email Opened,Finance Management,Unemployed,Other Metro Cities,Yes,Email Opened,0.41820048609304095,1,Rep_C
Landing Page Submission,Google,No,0,3.0,493,3.0,Email Opened,Operations Management,Unemployed,Thane & Outskirts,No,Email Opened,0.41737455417981983,0,Rep_D
Landing Page Submission,Direct Traffic,No,1,2.0,277,2.0,SMS Sent,Healthcare Management,Unemployed,Mumbai,Yes,SMS Sent,0.41710739291414844,1,Rep_B
Landing Page Submission,Direct Traffic,No,1,2.0,181,2.0,SMS Sent,International Business,Unemployed,Thane & Outskirts,Yes,SMS Sent,0.4170999335662765,1,Rep_C
API,Google,No,1,4.0,733,4.0,Olark Chat Conversation,Finance Management,Unemployed,Mumbai,No,Modified,0.41668949954086326,1,Rep_D
API,Olark Chat,No,1,0.0,0,0.0,SMS Sent,Operations Management,Unemployed,Mumbai,No,Modified,0.41571449698248997,1,Rep_B
API,Olark Chat,No,1,0.0,0,0.0,SMS Sent,Marketing Management,Unemployed,Mumbai,No,Modified,0.4143947362633748,1,Rep_C
API,Referral Sites,No,0,5.0,133,5.0,Olark Chat Conversation,Finance Management,Unemployed,Mumbai,No,Modified,0.41427585650221077,0,Rep_D
Landing Page Submission,Google,No,0,5.0,93,5.0,SMS Sent,Finance Management,Unemployed,Other Cities of Maharashtra,No,SMS Sent,0.4131622572194346,0,Rep_B
API,Olark Chat,No,0,0.0,0,0.0,SMS Sent,Finance Management,Unemployed,Mumbai,No,Modified,0.41044289128911865,0,Rep_C
API,Olark Chat,No,0,0.0,0,0.0,SMS Sent,Finance Management,Unemployed,Mumbai,No,Modified,0.41044289128911865,0,Rep_D
API,Olark Chat,No,1,0.0,0,0.0,SMS Sent,Finance Management,Unemployed,Mumbai,No,Modified,0.41044289128911865,1,Rep_B
API,Olark Chat,No,0,0.0,0,0.0,SMS Sent,Finance Management,Unemployed,Mumbai,No,Modified,0.41044289128911865,0,Rep_C
API,Olark Chat,No,1,0.0,0,0.0,SMS Sent,Finance Management,Unemployed,Mumbai,No,Modified,0.41044289128911865,1,Rep_D
API,Olark Chat,No,0,0.0,0,0.0,SMS Sent,Finance Management,Unemployed,Mumbai,No,Modified,0.41044289128911865,0,Rep_B
API,Olark Chat,No,0,0.0,0,0.0,SMS Sent,Finance Management,Unemployed,Mumbai,No,Modified,0.41044289128911865,0,Rep_C
API,Olark Chat,No,1,0.0,0,0.0,SMS Sent,Finance Management,Unemployed,Mumbai,No,Modified,0.41044289128911865,1,Rep_D
Landing Page Submission,Google,No,0,6.0,398,3.0,Olark Chat Conversation,E-COMMERCE,Unemployed,Mumbai,Yes,Olark Chat Conversation,0.40992772280850637,0,Rep_B
Landing Page Submission,Direct Traffic,No,1,3.0,135,1.5,SMS Sent,Operations Management,Unemployed,Other Metro Cities,Yes,SMS Sent,0.40938406824134604,1,Rep_C
Landing Page Submission,Google,No,1,5.0,285,5.0,Page Visited on Website,Marketing Management,Unemployed,Mumbai,No,Page Visited on Website,0.40907633844604774,1,Rep_D
Landing Page Submission,Direct Traffic,No,1,3.0,936,3.0,Email Opened,Finance Management,Unemployed,Mumbai,Yes,Email Opened,0.4083130679828861,1,Rep_B
Landing Page Submission,Organic Search,No,0,5.0,176,2.5,Email Opened,Marketing Management,Unemployed,Mumbai,No,Email Opened,0.4080694476316802,0,Rep_C
Landing Page Submission,Direct Traffic,No,1,2.0,813,2.0,Email Opened,Finance Management,Unemployed,Other Cities of Maharashtra,Yes,Email Opened,0.4075602954562256,1,Rep_D
API,Olark Chat,No,1,0.0,0,0.0,Email Opened,Human Resource Management,Working Professional,Mumbai,No,Email Opened,0.4070796454480621,1,Rep_B
Lead Add Form,Welingak Website,Yes,1,0.0,0,0.0,Email Bounced,Finance Management,Unemployed,Mumbai,No,Email Bounced,0.4066713022231949,1,Rep_C
Landing Page Submission,Direct Traffic,No,0,2.0,251,2.0,SMS Sent,IT Projects Management,Unemployed,Mumbai,Yes,SMS Sent,0.40665876034343773,0,Rep_D
API,Google,No,0,2.0,275,2.0,SMS Sent,Operations Management,Unemployed,Mumbai,No,SMS Sent,0.40620446032548924,0,Rep_B
API,Organic Search,No,0,3.0,26,3.0,SMS Sent,Finance Management,Unemployed,Mumbai,No,SMS Sent,0.40590323419868063,0,Rep_C
Landing Page Submission,Direct Traffic,No,0,2.0,59,2.0,SMS Sent,Supply Chain Management,Unemployed,Thane & Outskirts,No,Modified,0.40334696826456073,0,Rep_D
Landing Page Submission,Direct Traffic,No,0,4.0,241,2.0,SMS Sent,"Banking, Investment And Insurance",Unemployed,Mumbai,Yes,SMS Sent,0.40316980466378216,0,Rep_B
Landing Page Submission,Google,No,0,3.0,260,3.0,Form Submitted on Website,Business Administration,Unemployed,Thane & Outskirts,No,Modified,0.40305525772675477,0,Rep_C
Landing Page Submission,Google,No,0,2.0,416,2.0,Email Opened,Human Resource Management,Unemployed,Other Metro Cities,No,Email Opened,0.4029038684991828,0,Rep_D
API,Google,No,0,1.0,257,1.0,Unreachable,Finance Management,Unemployed,Mumbai,No,Modified,0.4026600131844526,0,Rep_B
Landing Page Submission,Google,No,0,2.0,589,2.0,Converted to Lead,Human Resource Management,Unemployed,Mumbai,No,Modified,0.40111858243767157,0,Rep_C
Landing Page Submission,Direct Traffic,No,0,6.0,531,6.0,SMS Sent,Supply Chain Management,Unemployed,Mumbai,Yes,SMS Sent,0.40014921565035183,0,Rep_D
Landing Page Submission,Organic Search,No,0,4.0,114,4.0,Page Visited on Website,Business Administration,Unemployed,Mumbai,Yes,Modified,0.40010564331477444,0,Rep_B
API,Google,No,0,2.0,407,1.0,Page Visited on Website,Finance Management,Unemployed,Mumbai,No,Modified,0.39949029049977003,0,Rep_C
Landing Page Submission,Direct Traffic,No,1,7.0,834,3.5,Email Opened,International Business,Unemployed,Thane & Outskirts,Yes,Email Opened,0.3993915440769318,1,Rep_D
Landing Page Submission,Google,No,0,6.0,789,6.0,Email Opened,Business Administration,Unemployed,Mumbai,No,Email Opened,0.39918155750525547,0,Rep_B
Landing Page Submission,Google,No,0,13.0,571,6.5,Page Visited on Website,Supply Chain Management,Unemployed,Mumbai,Yes,Modified,0.398262147404081,0,Rep_C
Landing Page Submission,Direct Traffic,No,1,3.0,177,1.5,SMS Sent,Operations Management,Unemployed,Mumbai,Yes,SMS Sent,0.3971113081600095,1,Rep_D
Landing Page Submission,Press_Release,Yes,0,12.0,1252,12.0,Page Visited on Website,Travel and Tourism,Unemployed,Mumbai,Yes,Modified,0.39705317415916197,0,Rep_B
Landing Page Submission,Direct Traffic,No,0,1.0,858,1.0,Converted to Lead,Marketing Management,Unemployed,Mumbai,Yes,Modified,0.3958522133474367,0,Rep_C
API,Organic Search,No,0,4.0,190,4.0,SMS Sent,Finance Management,Unemployed,Mumbai,No,Modified,0.39580541400479047,0,Rep_D
Landing Page Submission,Google,No,0,3.0,320,3.0,Form Submitted on Website,Marketing Management,Unemployed,Mumbai,No,Modified,0.39450764334884,0,Rep_B
API,Organic Search,No,0,3.0,272,3.0,Olark Chat Conversation,Finance Management,Unemployed,Mumbai,No,Modified,0.39328579778404144,0,Rep_C
Landing Page Submission,Organic Search,No,0,5.0,288,2.5,Email Opened,Operations Management,Unemployed,Other Cities of Maharashtra,Yes,Email Opened,0.39259633064350646,0,Rep_D
Landing Page Submission,Direct Traffic,No,0,2.0,818,2.0,Email Opened,Marketing Management,Unemployed,Mumbai,Yes,Email Opened,0.39242580967800067,0,Rep_B
Landing Page Submission,Direct Traffic,No,0,2.0,213,2.0,SMS Sent,Operations Management,Unemployed,Mumbai,Yes,SMS Sent,0.3912917549699873,0,Rep_C
Landing Page Submission,Google,No,0,4.0,771,4.0,Email Link Clicked,Finance Management,Unemployed,Mumbai,No,Email Link Clicked,0.3873744832688419,0,Rep_D
Landing Page Submission,Direct Traffic,Yes,1,4.0,1040,4.0,SMS Sent,International Business,Unemployed,Other Cities of Maharashtra,Yes,SMS Sent,0.38703268944863506,1,Rep_B
Landing Page Submission,Organic Search,No,0,4.0,180,2.0,Email Opened,Marketing Management,Unemployed,Mumbai,Yes,Modified,0.38687681025442017,0,Rep_C
Landing Page Submission,Organic Search,No,0,7.0,96,7.0,SMS Sent,"Banking, Investment And Insurance",Unemployed,Mumbai,Yes,SMS Sent,0.38609277985434415,0,Rep_D
API,Google,No,0,2.0,432,1.0,Olark Chat Conversation,Finance Management,Unemployed,Mumbai,No,Modified,0.38560994937067966,0,Rep_B
Landing Page Submission,Google,No,0,20.0,165,5.0,SMS Sent,Human Resource Management,Unemployed,Mumbai,Yes,SMS Sent,0.3851845532933593,0,Rep_C
API,Referral Sites,No,0,4.0,213,4.0,Email Opened,Finance Management,Unemployed,Mumbai,No,Modified,0.3850088737715438,0,Rep_D
API,Olark Chat,No,0,0.0,0,0.0,Page Visited on Website,Finance Management,Unemployed,Mumbai,No,Page Visited on Website,0.38472102721949974,0,Rep_B
Landing Page Submission,Organic Search,No,0,2.0,38,1.0,Converted to Lead,Operations Management,Unemployed,Thane & Outskirts,No,Modified,0.38463269583235704,0,Rep_C
Landing Page Submission,Google,No,1,6.0,938,6.0,Email Opened,Marketing Management,Unemployed,Mumbai,Yes,Email Opened,0.38448402096011425,1,Rep_D
API,Google,Yes,1,3.0,1040,3.0,SMS Sent,Finance Management,Unemployed,Mumbai,No,SMS Sent,0.3840380724678171,1,Rep_B
Landing Page Submission,Direct Traffic,No,0,3.0,388,3.0,SMS Sent,Finance Management,Unemployed,Mumbai,Yes,Modified,0.38131369648340274,0,Rep_C
Landing Page Submission,Direct Traffic,Yes,0,1.0,1465,1.0,Email Bounced,Travel and Tourism,Unemployed,Other Cities,Yes,Modified,0.3813029134409818,0,Rep_D
Landing Page Submission,Google,No,0,5.0,384,1.67,Email Opened,International Business,Unemployed,Mumbai,No,Email Opened,0.37980114432580186,0,Rep_B
Landing Page Submission,Google,No,0,2.0,57,2.0,Page Visited on Website,Finance Management,Unemployed,Mumbai,No,Modified,0.3797409446504697,0,Rep_C
Landing Page Submission,Direct Traffic,No,0,6.0,503,6.0,SMS Sent,Finance Management,Unemployed,Mumbai,Yes,SMS Sent,0.37925903990953913,0,Rep_D
Landing Page Submission,Direct Traffic,No,0,4.0,453,4.0,Page Visited on Website,Operations Management,Unemployed,Other Cities of Maharashtra,Yes,Page Visited on Website,0.37695843651060085,0,Rep_B
Landing Page Submission,Direct Traffic,No,0,2.0,295,2.0,SMS Sent,International Business,Unemployed,Mumbai,Yes,Modified,0.3767044161389994,0,Rep_C
API,Google,No,1,2.0,331,2.0,SMS Sent,Finance Management,Unemployed,Mumbai,No,Modified,0.37607709962606406,1,Rep_D
API,Google,No,1,3.0,1231,1.5,SMS Sent,Media and Advertising,Other,Mumbai,No,Modified,0.37560106084825307,1,Rep_B
Landing Page Submission,Direct Traffic,No,0,4.0,492,4.0,Page Visited on Website,Finance Management,Unemployed,Other Metro Cities,Yes,Modified,0.37512114647918293,0,Rep_C
API,Organic Search,No,0,2.0,73,1.0,Olark Chat Conversation,Finance Management,Unemployed,Mumbai,No,Modified,0.3747204643647336,0,Rep_D
API,Google,Yes,0,5.0,1132,1.25,Olark Chat Conversation,Finance Management,Unemployed,Mumbai,No,Modified,0.37397011322627954,0,Rep_B
Landing Page Submission,Direct Traffic,No,1,10.0,130,5.0,SMS Sent,Operations Management,Unemployed,Other Cities of Maharashtra,No,SMS Sent,0.37292535048395115,1,Rep_C
API,Olark Chat,No,0,2.0,98,1.0,Page Visited on Website,Finance Management,Unemployed,Mumbai,No,Modified,0.3726967610850761,0,Rep_D
Landing Page Submission,Direct Traffic,No,0,2.0,156,2.0,SMS Sent,Human Resource Management,Unemployed,Other Cities,Yes,SMS Sent,0.3720809293329887,0,Rep_B
API,Google,No,0,6.0,430,3.0,Page Visited on Website,Finance Management,Unemployed,Mumbai,No,Page Visited on Website,0.3709465127346376,0,Rep_C
Landing Page Submission,Organic Search,No,0,8.0,241,8.0,SMS Sent,Finance Management,Unemployed,Mumbai,Yes,Modified,0.36995228539578306,0,Rep_D
Landing Page Submission,Direct Traffic,No,1,6.0,464,6.0,SMS Sent,Travel and Tourism,Unemployed,Mumbai,Yes,SMS Sent,0.3695155421494915,1,Rep_B
Landing Page Submission,Direct Traffic,No,1,5.0,586,5.0,Converted to Lead,Healthcare Management,Working Professional,Other Cities of Maharashtra,Yes,Modified,0.36843991253593705,1,Rep_C
API,Google,No,0,4.0,352,2.0,Page Visited on Website,Finance Management,Unemployed,Mumbai,No,Page Visited on Website,0.36697004554467755,0,Rep_D
Landing Page Submission,Direct Traffic,No,0,5.0,391,5.0,SMS Sent,Marketing Management,Unemployed,Mumbai,Yes,SMS Sent,0.3665510531747418,0,Rep_B
Landing Page Submission,Direct Traffic,No,0,3.0,1231,3.0,Page Visited on Website,Finance Management,Other,Mumbai,No,Modified,0.3663635659680231,0,Rep_C
API,Google,No,1,2.0,189,2.0,SMS Sent,Operations Management,Unemployed,Mumbai,No,SMS Sent,0.36601991480084073,1,Rep_D
Landing Page Submission,Direct Traffic,No,1,12.0,414,6.0,SMS Sent,Supply Chain Management,Unemployed,Mumbai,Yes,SMS Sent,0.3647805014410857,1,Rep_B
API,Organic Search,No,0,3.0,427,3.0,Email Opened,Finance Management,Unemployed,Mumbai,No,Modified,0.3640380368654597,0,Rep_C
Landing Page Submission,Direct Traffic,No,0,2.0,129,2.0,SMS Sent,Operations Management,Unemployed,Other Cities,Yes,SMS Sent,0.36285991586241934,0,Rep_D
API,Google,No,0,2.0,465,2.0,Olark Chat Conversation,Finance Management,Unemployed,Mumbai,No,Modified,0.36250995748714415,0,Rep_B
Landing Page Submission,Direct Traffic,No,0,5.0,283,2.5,SMS Sent,Marketing Management,Unemployed,Mumbai,Yes,Modified,0.3621791249867943,0,Rep_C
API,Referral Sites,No,0,1.0,153,1.0,Converted to Lead,Finance Management,Unemployed,Mumbai,No,Modified,0.3621672240205562,0,Rep_D
Landing Page Submission,Direct Traffic,No,0,2.0,151,2.0,SMS Sent,Media and Advertising,Unemployed,Mumbai,Yes,SMS Sent,0.36195003882539495,0,Rep_B
API,Google,No,0,3.0,388,1.5,Olark Chat Conversation,Finance Management,Unemployed,Mumbai,No,Olark Chat Conversation,0.3618884492326421,0,Rep_C
API,Organic Search,No,1,26.0,120,13.0,SMS Sent,Human Resource Management,Working Professional,Mumbai,No,SMS Sent,0.3615068757526675,1,Rep_D
API,Organic Search,No,0,2.0,44,1.0,Olark Chat Conversation,Finance Management,Unemployed,Mumbai,No,Modified,0.3614153228323271,0,Rep_B
Landing Page Submission,Direct Traffic,No,0,2.0,555,2.0,Email Opened,Operations Management,Unemployed,Mumbai,No,Email Opened,0.36113678242357067,0,Rep_C
Landing Page Submission,Google,No,0,4.0,281,2.0,Email Opened,Operations Management,Unemployed,Thane & Outskirts,No,Email Opened,0.3602006393048174,0,Rep_D
API,Google,No,1,2.0,103,1.0,SMS Sent,Finance Management,Unemployed,Mumbai,No,SMS Sent,0.3596362951991463,1,Rep_B
API,Olark Chat,No,0,0.0,0,0.0,Page Visited on Website,Finance Management,Unemployed,Mumbai,No,Modified,0.3595776201949561,0,Rep_C
Landing Page Submission,Google,No,1,4.0,549,4.0,Email Opened,Business Administration,Unemployed,Mumbai,No,Email Opened,0.3585301245030165,1,Rep_D
Landing Page Submission,Google,No,0,5.0,616,5.0,Email Opened,Human Resource Management,Unemployed,Mumbai,No,Email Opened,0.3581143651548368,0,Rep_B
Landing Page Submission,Direct Traffic,No,0,4.0,298,4.0,SMS Sent,IT Projects Management,Unemployed,Mumbai,Yes,SMS Sent,0.35763323649972906,0,Rep_C
Landing Page Submission,Organic Search,No,0,5.0,223,2.5,Email Opened,Finance Management,Unemployed,Other Cities of Maharashtra,Yes,Email Opened,0.3574658095918231,0,Rep_D
API,Google,No,0,3.0,518,3.0,Olark Chat Conversation,Operations Management,Unemployed,Mumbai,No,Modified,0.35698445611990176,0,Rep_B
Landing Page Submission,Organic Search,No,0,5.0,285,5.0,Email Opened,Business Administration,Unemployed,Mumbai,No,Email Opened,0.35644096817015547,0,Rep_C
Landing Page Submission,Direct Traffic,No,0,5.0,313,5.0,SMS Sent,Business Administration,Unemployed,Other Metro Cities,Yes,SMS Sent,0.3562869951702063,0,Rep_D
Landing Page Submission,Direct Traffic,No,0,2.0,742,2.0,Email Opened,IT Projects Management,Unemployed,Mumbai,Yes,Email Opened,0.35606437681957037,0,Rep_B
Landing Page Submission,Direct Traffic,No,0,4.0,213,4.0,SMS Sent,Business Administration,Unemployed,Thane & Outskirts,Yes,SMS Sent,0.3557450488188996,0,Rep_C
API,Google,No,1,7.0,953,3.5,Email Opened,"Banking, Investment And Insurance",Unemployed,Mumbai,Yes,Modified,0.35409627194372567,1,Rep_D
Landing Page Submission,Google,No,0,3.0,74,3.0,Page Visited on Website,Finance Management,Unemployed,Mumbai,No,Modified,0.35265286376054333,0,Rep_B
API,Google,No,0,4.0,183,1.0,SMS Sent,Finance Management,Unemployed,Mumbai,No,Modified,0.3526484560624251,0,Rep_C
Landing Page Submission,Direct Traffic,No,0,2.0,739,2.0,Email Opened,Finance Management,Unemployed,Mumbai,Yes,Email Opened,0.3522241035621276,0,Rep_D
Landing Page Submission,Google,No,0,3.0,124,1.5,Email Opened,Finance Management,Unemployed,Thane & Outskirts,No,Modified,0.34926464203182794,0,Rep_B
API,Google,No,1,4.0,49,4.0,Page Visited on Website,Human Resource Management,Working Professional,Mumbai,No,Modified,0.34885372268636444,1,Rep_C
Landing Page Submission,Google,No,0,7.0,159,2.33,Email Opened,IT Projects Management,Unemployed,Thane & Outskirts,No,Modified,0.3488009904100782,0,Rep_D
Landing Page Submission,Direct Traffic,No,0,7.0,313,7.0,SMS Sent,IT Projects Management,Unemployed,Mumbai,No,SMS Sent,0.3482262300271463,0,Rep_B
Landing Page Submission,Google,No,1,5.0,483,5.0,Email Opened,Human Resource Management,Unemployed,Mumbai,No,Modified,0.34736441673503654,1,Rep_C
API,Olark Chat,No,0,0.0,0,0.0,Olark Chat Conversation,Finance Management,Unemployed,Mumbai,No,Olark Chat Conversation,0.3473044258316041,0,Rep_D
API,Olark Chat,No,0,0.0,0,0.0,Olark Chat Conversation,Finance Management,Unemployed,Mumbai,No,Olark Chat Conversation,0.3473044258316041,0,Rep_B
API,Olark Chat,No,0,0.0,0,0.0,Olark Chat Conversation,Finance Management,Unemployed,Mumbai,No,Olark Chat Conversation,0.3473044258316041,0,Rep_C
API,Olark Chat,No,0,0.0,0,0.0,Olark Chat Conversation,Finance Management,Unemployed,Mumbai,No,Olark Chat Conversation,0.3473044258316041,0,Rep_D
API,Olark Chat,No,0,0.0,0,0.0,Olark Chat Conversation,Finance Management,Unemployed,Mumbai,No,Olark Chat Conversation,0.3473044258316041,0,Rep_B
API,Olark Chat,No,1,0.0,0,0.0,Olark Chat Conversation,Finance Management,Unemployed,Mumbai,No,Olark Chat Conversation,0.3473044258316041,1,Rep_C
API,Olark Chat,No,0,0.0,0,0.0,Olark Chat Conversation,Finance Management,Unemployed,Mumbai,No,Olark Chat Conversation,0.3473044258316041,0,Rep_D
API,Olark Chat,No,0,0.0,0,0.0,Olark Chat Conversation,Finance Management,Unemployed,Mumbai,No,Olark Chat Conversation,0.3473044258316041,0,Rep_B
API,Olark Chat,No,0,0.0,0,0.0,Olark Chat Conversation,Finance Management,Unemployed,Mumbai,No,Olark Chat Conversation,0.3473044258316041,0,Rep_C
API,Olark Chat,No,0,0.0,0,0.0,Olark Chat Conversation,Finance Management,Unemployed,Mumbai,No,Olark Chat Conversation,0.3473044258316041,0,Rep_D
API,Olark Chat,No,0,0.0,0,0.0,Olark Chat Conversation,Finance Management,Unemployed,Mumbai,No,Olark Chat Conversation,0.3473044258316041,0,Rep_B
API,Olark Chat,No,0,0.0,0,0.0,Olark Chat Conversation,Finance Management,Unemployed,Mumbai,No,Olark Chat Conversation,0.3473044258316041,0,Rep_C
API,Olark Chat,No,0,0.0,0,0.0,Olark Chat Conversation,Finance Management,Unemployed,Mumbai,No,Olark Chat Conversation,0.3473044258316041,0,Rep_D
API,Olark Chat,No,0,0.0,0,0.0,Olark Chat Conversation,Finance Management,Unemployed,Mumbai,No,Olark Chat Conversation,0.3473044258316041,0,Rep_B
API,Olark Chat,No,0,0.0,0,0.0,Olark Chat Conversation,Finance Management,Unemployed,Mumbai,No,Olark Chat Conversation,0.3473044258316041,0,Rep_C
API,Olark Chat,No,0,0.0,0,0.0,Olark Chat Conversation,Finance Management,Unemployed,Mumbai,No,Olark Chat Conversation,0.3473044258316041,0,Rep_D
API,Olark Chat,No,0,0.0,0,0.0,Olark Chat Conversation,Finance Management,Unemployed,Mumbai,No,Olark Chat Conversation,0.3473044258316041,0,Rep_B
API,Olark Chat,No,0,0.0,0,0.0,Olark Chat Conversation,Finance Management,Unemployed,Mumbai,No,Olark Chat Conversation,0.3473044258316041,0,Rep_C
API,Olark Chat,No,0,0.0,0,0.0,Olark Chat Conversation,Finance Management,Unemployed,Mumbai,No,Olark Chat Conversation,0.3473044258316041,0,Rep_D
API,Olark Chat,No,0,0.0,0,0.0,Olark Chat Conversation,Finance Management,Unemployed,Mumbai,No,Olark Chat Conversation,0.3473044258316041,0,Rep_B
API,Olark Chat,No,0,0.0,0,0.0,Olark Chat Conversation,Finance Management,Unemployed,Mumbai,No,Olark Chat Conversation,0.3473044258316041,0,Rep_C
API,Olark Chat,No,0,0.0,0,0.0,Olark Chat Conversation,Finance Management,Unemployed,Mumbai,No,Olark Chat Conversation,0.3473044258316041,0,Rep_D
API,Olark Chat,No,0,0.0,0,0.0,Olark Chat Conversation,Finance Management,Unemployed,Mumbai,No,Olark Chat Conversation,0.3473044258316041,0,Rep_B
API,Olark Chat,No,0,0.0,0,0.0,Olark Chat Conversation,Finance Management,Unemployed,Mumbai,No,Olark Chat Conversation,0.3473044258316041,0,Rep_C
Landing Page Submission,Direct Traffic,No,0,2.0,702,2.0,Email Opened,Hospitality Management,Unemployed,Other Cities,Yes,Email Opened,0.3470091788750881,0,Rep_D
Landing Page Submission,Direct Traffic,No,0,2.0,122,2.0,SMS Sent,IT Projects Management,Unemployed,Mumbai,Yes,SMS Sent,0.3469954705338455,0,Rep_B
Landing Page Submission,Direct Traffic,No,0,2.0,109,2.0,SMS Sent,Travel and Tourism,Unemployed,Mumbai,Yes,SMS Sent,0.3467274113280101,0,Rep_C
API,Referral Sites,No,0,4.0,237,4.0,Email Opened,Finance Management,Unemployed,Mumbai,No,Email Opened,0.34608838999740094,0,Rep_D
API,Organic Search,No,0,3.0,169,3.0,Olark Chat Conversation,Finance Management,Unemployed,Mumbai,No,Modified,0.3459909908312313,0,Rep_B
API,Organic Search,No,1,8.0,257,4.0,Email Opened,Finance Management,Working Professional,Mumbai,Yes,Email Opened,0.3454802538922758,1,Rep_C
Landing Page Submission,Google,No,0,4.0,285,4.0,Form Submitted on Website,Operations Management,Unemployed,Mumbai,No,Modified,0.34472726814349663,0,Rep_D
Landing Page Submission,Direct Traffic,No,0,6.0,169,6.0,SMS Sent,Travel and Tourism,Unemployed,Other Cities of Maharashtra,No,SMS Sent,0.3436824369085515,0,Rep_B
Landing Page Submission,Direct Traffic,No,0,5.0,149,5.0,SMS Sent,International Business,Unemployed,Mumbai,No,SMS Sent,0.34364879922853436,0,Rep_C
API,Google,No,0,2.0,423,2.0,Olark Chat Conversation,Finance Management,Unemployed,Mumbai,No,Modified,0.34358927711923115,0,Rep_D
API,Olark Chat,No,0,0.0,0,0.0,Olark Chat Conversation,Supply Chain Management,Unemployed,Mumbai,No,Modified,0.34251336989614567,0,Rep_B
Landing Page Submission,Direct Traffic,No,0,3.0,341,1.5,Olark Chat Conversation,Finance Management,Unemployed,Mumbai,Yes,Modified,0.3421755440997078,0,Rep_C
Landing Page Submission,Direct Traffic,No,0,4.0,177,4.0,SMS Sent,Marketing Management,Unemployed,Mumbai,No,Modified,0.34206231502674567,0,Rep_D
API,Olark Chat,No,1,0.0,0,0.0,Olark Chat Conversation,Operations Management,Unemployed,Mumbai,No,Modified,0.3400692520122425,1,Rep_B
API,Olark Chat,No,0,0.0,0,0.0,Olark Chat Conversation,Operations Management,Unemployed,Mumbai,No,Modified,0.3400692520122425,0,Rep_C
API,Olark Chat,No,1,4.0,40,2.0,Page Visited on Website,Finance Management,Unemployed,Mumbai,No,Page Visited on Website,0.3397897767955113,1,Rep_D
Landing Page Submission,Direct Traffic,Yes,0,2.0,402,2.0,Unsubscribed,Media and Advertising,Unemployed,Other Metro Cities,No,Unsubscribed,0.3396233838959029,0,Rep_B
API,Olark Chat,No,0,0.0,0,0.0,Olark Chat Conversation,Marketing Management,Unemployed,Mumbai,No,Modified,0.3388503685545994,0,Rep_C
Landing Page Submission,Direct Traffic,No,0,7.0,171,2.33,Page Visited on Website,Human Resource Management,Unemployed,Thane & Outskirts,Yes,Page Visited on Website,0.3386924435035263,0,Rep_D
API,Organic Search,No,0,3.0,98,3.0,Page Visited on Website,Finance Management,Unemployed,Mumbai,No,Modified,0.338667513986397,0,Rep_B
API,Olark Chat,No,0,8.0,180,2.67,Olark Chat Conversation,"Banking, Investment And Insurance",Unemployed,Mumbai,No,Modified,0.33853041043119775,0,Rep_C
Landing Page Submission,Google,No,0,4.0,381,4.0,Email Opened,Marketing Management,Unemployed,Mumbai,No,Modified,0.33773176277143313,0,Rep_D
Landing Page Submission,Direct Traffic,No,0,3.0,180,3.0,SMS Sent,Hospitality Management,Unemployed,Mumbai,Yes,SMS Sent,0.3376960080664391,0,Rep_B
API,Google,No,0,3.0,88,1.5,SMS Sent,Finance Management,Unemployed,Mumbai,No,SMS Sent,0.33739407956246076,0,Rep_C
Landing Page Submission,Direct Traffic,No,0,3.0,173,3.0,SMS Sent,Marketing Management,Unemployed,Mumbai,Yes,SMS Sent,0.337039451676194,0,Rep_D
API,Google,No,1,2.0,235,2.0,SMS Sent,Marketing Management,Unemployed,Mumbai,No,Modified,0.33641686545664246,1,Rep_B
API,Olark Chat,No,0,0.0,0,0.0,Olark Chat Conversation,Finance Management,Unemployed,Mumbai,No,Modified,0.33520656906593854,0,Rep_C
API,Olark Chat,No,0,0.0,0,0.0,Olark Chat Conversation,Finance Management,Unemployed,Mumbai,No,Modified,0.33520656906593854,0,Rep_D
API,Olark Chat,No,0,0.0,0,0.0,Olark Chat Conversation,Finance Management,Unemployed,Mumbai,No,Modified,0.33520656906593854,0,Rep_B
API,Olark Chat,No,0,0.0,0,0.0,Olark Chat Conversation,Finance Management,Unemployed,Mumbai,No,Modified,0.33520656906593854,0,Rep_C
API,Olark Chat,No,0,0.0,0,0.0,Olark Chat Conversation,Finance Management,Unemployed,Mumbai,No,Modified,0.33520656906593854,0,Rep_D
API,Olark Chat,No,0,0.0,0,0.0,Olark Chat Conversation,Finance Management,Unemployed,Mumbai,No,Modified,0.33520656906593854,0,Rep_B
API,Olark Chat,No,0,0.0,0,0.0,Olark Chat Conversation,Finance Management,Unemployed,Mumbai,No,Modified,0.33520656906593854,0,Rep_C
API,Olark Chat,No,0,0.0,0,0.0,Olark Chat Conversation,Finance Management,Unemployed,Mumbai,No,Modified,0.33520656906593854,0,Rep_D
API,Olark Chat,No,0,0.0,0,0.0,Olark Chat Conversation,Finance Management,Unemployed,Mumbai,No,Modified,0.33520656906593854,0,Rep_B
API,Olark Chat,No,0,0.0,0,0.0,Olark Chat Conversation,Finance Management,Unemployed,Mumbai,No,Modified,0.33520656906593854,0,Rep_C
API,Olark Chat,No,0,0.0,0,0.0,Olark Chat Conversation,Finance Management,Unemployed,Mumbai,No,Modified,0.33520656906593854,0,Rep_D
API,Olark Chat,No,0,0.0,0,0.0,Olark Chat Conversation,Finance Management,Unemployed,Mumbai,No,Modified,0.33520656906593854,0,Rep_B
API,Olark Chat,No,0,0.0,0,0.0,Olark Chat Conversation,Finance Management,Unemployed,Mumbai,No,Modified,0.33520656906593854,0,Rep_C
API,Olark Chat,No,0,0.0,0,0.0,Olark Chat Conversation,Finance Management,Unemployed,Mumbai,No,Modified,0.33520656906593854,0,Rep_D
API,Olark Chat,No,0,0.0,0,0.0,Olark Chat Conversation,Finance Management,Unemployed,Mumbai,No,Modified,0.33520656906593854,0,Rep_B
API,Olark Chat,No,0,0.0,0,0.0,Olark Chat Conversation,Finance Management,Unemployed,Mumbai,No,Modified,0.33520656906593854,0,Rep_C
API,Olark Chat,No,0,0.0,0,0.0,Olark Chat Conversation,Finance Management,Unemployed,Mumbai,No,Modified,0.33520656906593854,0,Rep_D
API,Olark Chat,No,0,0.0,0,0.0,Olark Chat Conversation,Finance Management,Unemployed,Mumbai,No,Modified,0.33520656906593854,0,Rep_B
API,Olark Chat,No,0,0.0,0,0.0,Olark Chat Conversation,Finance Management,Unemployed,Mumbai,No,Modified,0.33520656906593854,0,Rep_C
API,Olark Chat,No,0,0.0,0,0.0,Olark Chat Conversation,Finance Management,Unemployed,Mumbai,No,Modified,0.33520656906593854,0,Rep_D
API,Olark Chat,No,0,0.0,0,0.0,Olark Chat Conversation,Finance Management,Unemployed,Mumbai,No,Modified,0.33520656906593854,0,Rep_B
API,Olark Chat,No,0,0.0,0,0.0,Olark Chat Conversation,Finance Management,Unemployed,Mumbai,No,Modified,0.33520656906593854,0,Rep_C
API,Olark Chat,No,0,0.0,0,0.0,Olark Chat Conversation,Finance Management,Unemployed,Mumbai,No,Modified,0.33520656906593854,0,Rep_D
API,Olark Chat,No,0,0.0,0,0.0,Olark Chat Conversation,Finance Management,Unemployed,Mumbai,No,Modified,0.33520656906593854,0,Rep_B
API,Olark Chat,No,0,0.0,0,0.0,Olark Chat Conversation,Finance Management,Unemployed,Mumbai,No,Modified,0.33520656906593854,0,Rep_C
API,Olark Chat,No,0,0.0,0,0.0,Olark Chat Conversation,Finance Management,Unemployed,Mumbai,No,Modified,0.33520656906593854,0,Rep_D
API,Olark Chat,No,0,0.0,0,0.0,Olark Chat Conversation,Finance Management,Unemployed,Mumbai,No,Modified,0.33520656906593854,0,Rep_B
API,Olark Chat,No,0,0.0,0,0.0,Olark Chat Conversation,Finance Management,Unemployed,Mumbai,No,Modified,0.33520656906593854,0,Rep_C
API,Olark Chat,No,0,0.0,0,0.0,Olark Chat Conversation,Finance Management,Unemployed,Mumbai,No,Modified,0.33520656906593854,0,Rep_D
API,Olark Chat,No,0,0.0,0,0.0,Olark Chat Conversation,Finance Management,Unemployed,Mumbai,No,Modified,0.33520656906593854,0,Rep_B
API,Olark Chat,No,0,0.0,0,0.0,Olark Chat Conversation,Finance Management,Unemployed,Mumbai,No,Modified,0.33520656906593854,0,Rep_C
API,Olark Chat,No,0,0.0,0,0.0,Olark Chat Conversation,Finance Management,Unemployed,Mumbai,No,Modified,0.33520656906593854,0,Rep_D
API,Olark Chat,No,0,0.0,0,0.0,Olark Chat Conversation,Finance Management,Unemployed,Mumbai,No,Modified,0.33520656906593854,0,Rep_B
API,Olark Chat,No,0,0.0,0,0.0,Olark Chat Conversation,Finance Management,Unemployed,Mumbai,No,Modified,0.33520656906593854,0,Rep_C
API,Olark Chat,No,0,0.0,0,0.0,Olark Chat Conversation,Finance Management,Unemployed,Mumbai,No,Modified,0.33520656906593854,0,Rep_D
API,Olark Chat,No,0,0.0,0,0.0,Olark Chat Conversation,Finance Management,Unemployed,Mumbai,No,Modified,0.33520656906593854,0,Rep_B
API,Olark Chat,No,0,0.0,0,0.0,Olark Chat Conversation,Finance Management,Unemployed,Mumbai,No,Modified,0.33520656906593854,0,Rep_C
API,Olark Chat,No,0,0.0,0,0.0,Olark Chat Conversation,Finance Management,Unemployed,Mumbai,No,Modified,0.33520656906593854,0,Rep_D
API,Olark Chat,No,0,0.0,0,0.0,Olark Chat Conversation,Finance Management,Unemployed,Mumbai,No,Modified,0.33520656906593854,0,Rep_B
API,Olark Chat,No,0,0.0,0,0.0,Olark Chat Conversation,Finance Management,Unemployed,Mumbai,No,Modified,0.33520656906593854,0,Rep_C
API,Olark Chat,No,0,0.0,0,0.0,Olark Chat Conversation,Finance Management,Unemployed,Mumbai,No,Modified,0.33520656906593854,0,Rep_D
API,Olark Chat,No,0,0.0,0,0.0,Olark Chat Conversation,Finance Management,Unemployed,Mumbai,No,Modified,0.33520656906593854,0,Rep_B
API,Olark Chat,No,0,0.0,0,0.0,Olark Chat Conversation,Finance Management,Unemployed,Mumbai,No,Modified,0.33520656906593854,0,Rep_C
API,Olark Chat,No,0,0.0,0,0.0,Olark Chat Conversation,Finance Management,Unemployed,Mumbai,No,Modified,0.33520656906593854,0,Rep_D
API,Olark Chat,No,0,0.0,0,0.0,Olark Chat Conversation,Finance Management,Unemployed,Mumbai,No,Modified,0.33520656906593854,0,Rep_B
API,Olark Chat,No,0,0.0,0,0.0,Olark Chat Conversation,Finance Management,Unemployed,Mumbai,No,Modified,0.33520656906593854,0,Rep_C
API,Olark Chat,No,0,0.0,0,0.0,Olark Chat Conversation,Finance Management,Unemployed,Mumbai,No,Modified,0.33520656906593854,0,Rep_D
API,Olark Chat,No,0,0.0,0,0.0,Olark Chat Conversation,Finance Management,Unemployed,Mumbai,No,Modified,0.33520656906593854,0,Rep_B
API,Olark Chat,No,0,0.0,0,0.0,Olark Chat Conversation,Finance Management,Unemployed,Mumbai,No,Modified,0.33520656906593854,0,Rep_C
API,Olark Chat,No,0,0.0,0,0.0,Olark Chat Conversation,Finance Management,Unemployed,Mumbai,No,Modified,0.33520656906593854,0,Rep_D
API,Olark Chat,No,0,0.0,0,0.0,Olark Chat Conversation,Finance Management,Unemployed,Mumbai,No,Modified,0.33520656906593854,0,Rep_B
API,Olark Chat,No,1,0.0,0,0.0,Olark Chat Conversation,Finance Management,Unemployed,Mumbai,No,Modified,0.33520656906593854,1,Rep_C
API,Olark Chat,No,0,0.0,0,0.0,Olark Chat Conversation,Finance Management,Unemployed,Mumbai,No,Modified,0.33520656906593854,0,Rep_D
API,Olark Chat,No,0,0.0,0,0.0,Olark Chat Conversation,Finance Management,Unemployed,Mumbai,No,Modified,0.33520656906593854,0,Rep_B
API,Olark Chat,No,0,0.0,0,0.0,Olark Chat Conversation,Finance Management,Unemployed,Mumbai,No,Modified,0.33520656906593854,0,Rep_C
API,Olark Chat,No,0,0.0,0,0.0,Olark Chat Conversation,Finance Management,Unemployed,Mumbai,No,Modified,0.33520656906593854,0,Rep_D
API,Olark Chat,No,0,0.0,0,0.0,Olark Chat Conversation,Finance Management,Unemployed,Mumbai,No,Modified,0.33520656906593854,0,Rep_B
API,Olark Chat,No,0,0.0,0,0.0,Olark Chat Conversation,Finance Management,Unemployed,Mumbai,No,Modified,0.33520656906593854,0,Rep_C
API,Olark Chat,No,0,0.0,0,0.0,Olark Chat Conversation,Finance Management,Unemployed,Mumbai,No,Modified,0.33520656906593854,0,Rep_D
API,Olark Chat,No,0,0.0,0,0.0,Olark Chat Conversation,Finance Management,Unemployed,Mumbai,No,Modified,0.33520656906593854,0,Rep_B
API,Olark Chat,No,0,0.0,0,0.0,Olark Chat Conversation,Finance Management,Unemployed,Mumbai,No,Modified,0.33520656906593854,0,Rep_C
API,Olark Chat,No,0,0.0,0,0.0,Olark Chat Conversation,Finance Management,Unemployed,Mumbai,No,Modified,0.33520656906593854,0,Rep_D
API,Olark Chat,No,0,0.0,0,0.0,Olark Chat Conversation,Finance Management,Unemployed,Mumbai,No,Modified,0.33520656906593854,0,Rep_B
API,Olark Chat,No,0,0.0,0,0.0,Olark Chat Conversation,Finance Management,Unemployed,Mumbai,No,Modified,0.33520656906593854,0,Rep_C
API,Olark Chat,No,0,0.0,0,0.0,Olark Chat Conversation,Finance Management,Unemployed,Mumbai,No,Modified,0.33520656906593854,0,Rep_D
API,Olark Chat,No,0,0.0,0,0.0,Olark Chat Conversation,Finance Management,Unemployed,Mumbai,No,Modified,0.33520656906593854,0,Rep_B
API,Olark Chat,No,0,0.0,0,0.0,Olark Chat Conversation,Finance Management,Unemployed,Mumbai,No,Modified,0.33520656906593854,0,Rep_C
API,Olark Chat,No,0,0.0,0,0.0,Olark Chat Conversation,Finance Management,Unemployed,Mumbai,No,Modified,0.33520656906593854,0,Rep_D
API,Olark Chat,No,0,0.0,0,0.0,Olark Chat Conversation,Finance Management,Unemployed,Mumbai,No,Modified,0.33520656906593854,0,Rep_B
API,Olark Chat,No,0,0.0,0,0.0,Olark Chat Conversation,Finance Management,Unemployed,Mumbai,No,Modified,0.33520656906593854,0,Rep_C
API,Olark Chat,No,1,0.0,0,0.0,Olark Chat Conversation,Finance Management,Unemployed,Mumbai,No,Modified,0.33520656906593854,1,Rep_D
API,Olark Chat,No,0,0.0,0,0.0,Olark Chat Conversation,Finance Management,Unemployed,Mumbai,No,Modified,0.33520656906593854,0,Rep_B
API,Olark Chat,No,0,0.0,0,0.0,Olark Chat Conversation,Finance Management,Unemployed,Mumbai,No,Modified,0.33520656906593854,0,Rep_C
API,Olark Chat,No,0,0.0,0,0.0,Olark Chat Conversation,Finance Management,Unemployed,Mumbai,No,Modified,0.33520656906593854,0,Rep_D
API,Olark Chat,No,0,0.0,0,0.0,Olark Chat Conversation,Finance Management,Unemployed,Mumbai,No,Modified,0.33520656906593854,0,Rep_B
API,Olark Chat,No,0,0.0,0,0.0,Olark Chat Conversation,Finance Management,Unemployed,Mumbai,No,Modified,0.33520656906593854,0,Rep_C
API,Olark Chat,No,0,0.0,0,0.0,Olark Chat Conversation,Finance Management,Unemployed,Mumbai,No,Modified,0.33520656906593854,0,Rep_D
API,Olark Chat,No,0,0.0,0,0.0,Olark Chat Conversation,Finance Management,Unemployed,Mumbai,No,Modified,0.33520656906593854,0,Rep_B
API,Olark Chat,No,0,0.0,0,0.0,Olark Chat Conversation,Finance Management,Unemployed,Mumbai,No,Modified,0.33520656906593854,0,Rep_C
API,Olark Chat,No,0,0.0,0,0.0,Olark Chat Conversation,Finance Management,Unemployed,Mumbai,No,Modified,0.33520656906593854,0,Rep_D
API,Olark Chat,No,0,0.0,0,0.0,Olark Chat Conversation,Finance Management,Unemployed,Mumbai,No,Modified,0.33520656906593854,0,Rep_B
API,Olark Chat,No,0,0.0,0,0.0,Olark Chat Conversation,Finance Management,Unemployed,Mumbai,No,Modified,0.33520656906593854,0,Rep_C
API,Olark Chat,No,0,0.0,0,0.0,Olark Chat Conversation,Finance Management,Unemployed,Mumbai,No,Modified,0.33520656906593854,0,Rep_D
API,Olark Chat,No,0,0.0,0,0.0,Olark Chat Conversation,Finance Management,Unemployed,Mumbai,No,Modified,0.33520656906593854,0,Rep_B
API,Olark Chat,No,0,0.0,0,0.0,Olark Chat Conversation,Finance Management,Unemployed,Mumbai,No,Modified,0.33520656906593854,0,Rep_C
API,Olark Chat,No,0,0.0,0,0.0,Olark Chat Conversation,Finance Management,Unemployed,Mumbai,No,Modified,0.33520656906593854,0,Rep_D
Landing Page Submission,Organic Search,No,0,6.0,114,6.0,Page Visited on Website,IT Projects Management,Unemployed,Mumbai,Yes,Modified,0.3347961347955727,0,Rep_B
API,Google,No,0,2.0,403,2.0,Olark Chat Conversation,Finance Management,Unemployed,Mumbai,No,Modified,0.3347467495337024,0,Rep_C
API,Organic Search,No,0,3.0,236,1.5,Email Opened,Finance Management,Unemployed,Mumbai,No,Modified,0.33425746638584714,0,Rep_D
Landing Page Submission,Google,No,0,3.0,358,3.0,Email Opened,Operations Management,Unemployed,Other Cities of Maharashtra,No,Email Opened,0.33423074118759555,0,Rep_B
API,Organic Search,No,0,5.0,22,5.0,SMS Sent,Finance Management,Unemployed,Mumbai,No,SMS Sent,0.3341686064477259,0,Rep_C
Landing Page Submission,Google,No,0,3.0,26,3.0,Page Visited on Website,Human Resource Management,Unemployed,Mumbai,No,Modified,0.33315856875635336,0,Rep_D
Landing Page Submission,Direct Traffic,No,0,5.0,131,2.5,Page Visited on Website,Marketing Management,Unemployed,Mumbai,No,Modified,0.33164469074766495,0,Rep_B
Landing Page Submission,Organic Search,No,0,4.0,337,4.0,Email Opened,Human Resource Management,Unemployed,Mumbai,Yes,Email Opened,0.33142524822906017,0,Rep_C
API,Google,No,0,2.0,393,2.0,Olark Chat Conversation,Finance Management,Unemployed,Mumbai,No,Modified,0.33036815423876675,0,Rep_D
Landing Page Submission,Organic Search,No,0,3.0,166,3.0,Converted to Lead,Retail Management,Unemployed,Mumbai,No,Modified,0.3302063225574195,0,Rep_B
Landing Page Submission,Google,No,0,4.0,475,4.0,Email Opened,IT Projects Management,Unemployed,Mumbai,No,Email Opened,0.3298855310592427,0,Rep_C
API,Organic Search,No,1,6.0,356,2.0,Email Opened,Finance Management,Unemployed,Mumbai,No,Email Opened,0.32983002188664046,1,Rep_D
API,Google,No,1,5.0,837,5.0,Email Opened,Supply Chain Management,Unemployed,Thane & Outskirts,No,Email Opened,0.3283139643858794,1,Rep_B
API,Organic Search,No,1,5.0,8,5.0,SMS Sent,Finance Management,Unemployed,Mumbai,No,SMS Sent,0.3280520788568323,1,Rep_C
Landing Page Submission,Google,No,0,3.0,315,3.0,Email Opened,Supply Chain Management,Unemployed,Other Metro Cities,No,Email Opened,0.3277351814673755,0,Rep_D
API,Organic Search,No,0,3.0,452,3.0,Email Opened,Finance Management,Unemployed,Mumbai,No,Email Opened,0.3265470187259698,0,Rep_B
Landing Page Submission,Google,No,1,5.0,542,5.0,Email Opened,International Business,Unemployed,Mumbai,No,Email Opened,0.32649057533162146,1,Rep_C
Landing Page Submission,Google,No,0,2.0,312,2.0,Email Opened,Marketing Management,Unemployed,Mumbai,No,Email Opened,0.3264593729879439,0,Rep_D
Landing Page Submission,Direct Traffic,Yes,0,4.0,1410,4.0,Email Bounced,Marketing Management,Unemployed,Mumbai,No,Modified,0.3258647206563221,0,Rep_B
Landing Page Submission,Organic Search,No,0,3.0,166,3.0,Email Opened,Supply Chain Management,Unemployed,Other Metro Cities,Yes,Email Opened,0.3250913461775568,0,Rep_C
Landing Page Submission,Organic Search,No,0,2.0,73,2.0,Converted to Lead,Supply Chain Management,Unemployed,Mumbai,No,Modified,0.3246963446635438,0,Rep_D
Landing Page Submission,Google,No,0,5.0,228,2.5,Email Opened,Finance Management,Unemployed,Mumbai,No,Modified,0.32467271971628653,0,Rep_B
Landing Page Submission,Direct Traffic,No,1,2.0,62,2.0,SMS Sent,Media and Advertising,Unemployed,Mumbai,Yes,SMS Sent,0.322462106998273,1,Rep_C
Landing Page Submission,Google,No,1,6.0,274,2.0,Email Opened,Marketing Management,Unemployed,Mumbai,No,Email Opened,0.32186312307063886,1,Rep_D
Landing Page Submission,Direct Traffic,No,0,2.0,61,2.0,SMS Sent,Marketing Management,Unemployed,Mumbai,Yes,SMS Sent,0.32143814435246204,0,Rep_B
Landing Page Submission,Direct Traffic,No,0,2.0,590,2.0,Email Opened,Operations Management,Unemployed,Other Metro Cities,Yes,Email Opened,0.32134284171463506,0,Rep_C
Landing Page Submission,Direct Traffic,No,0,2.0,287,2.0,Page Visited on Website,Finance Management,Unemployed,Mumbai,Yes,Modified,0.32125845228764377,0,Rep_D
Landing Page Submission,Direct Traffic,No,1,4.0,818,4.0,Email Opened,Healthcare Management,Unemployed,Mumbai,Yes,Email Opened,0.32054044036046014,1,Rep_B
Landing Page Submission,Direct Traffic,Yes,0,3.0,1237,1.0,Email Bounced,IT Projects Management,Unemployed,Tier II Cities,Yes,Modified,0.32021367710847126,0,Rep_C
API,Google,No,0,3.0,538,1.5,Email Opened,Finance Management,Unemployed,Mumbai,No,Modified,0.31968496584358985,0,Rep_D
Landing Page Submission,Organic Search,No,0,4.0,271,4.0,Email Opened,Travel and Tourism,Unemployed,Other Cities,Yes,Email Opened,0.3186148195709452,0,Rep_B
Landing Page Submission,Direct Traffic,No,0,2.0,33,2.0,SMS Sent,IT Projects Management,Unemployed,Other Cities,Yes,SMS Sent,0.3179469579266738,0,Rep_C
API,Google,No,1,3.0,736,3.0,Email Opened,Marketing Management,Unemployed,Other Cities,No,Email Opened,0.31763660086202655,1,Rep_D
API,Google,No,0,3.0,641,1.5,Email Opened,Finance Management,Unemployed,Mumbai,No,Email Opened,0.3170604430756171,0,Rep_B
Landing Page Submission,Organic Search,No,1,7.0,144,7.0,Page Visited on Website,Media and Advertising,Unemployed,Mumbai,Yes,Modified,0.3165822035902335,1,Rep_C
Landing Page Submission,Organic Search,No,0,5.0,171,2.5,Email Opened,Human Resource Management,Unemployed,Mumbai,Yes,Email Opened,0.3164695547590356,0,Rep_D
Landing Page Submission,Google,No,0,3.0,255,3.0,Email Opened,Marketing Management,Unemployed,Mumbai,No,Modified,0.3161133420559488,0,Rep_B
API,Google,No,0,3.0,217,3.0,Unreachable,Finance Management,Unemployed,Mumbai,No,Modified,0.3156416541442425,0,Rep_C
API,Olark Chat,No,0,2.0,319,1.0,Form Submitted on Website,Finance Management,Unemployed,Mumbai,Yes,Modified,0.3127337022598961,0,Rep_D
Landing Page Submission,Direct Traffic,No,0,3.0,4,1.5,SMS Sent,Business Administration,Unemployed,Mumbai,Yes,SMS Sent,0.3124502125525185,0,Rep_B
Landing Page Submission,Organic Search,No,1,13.0,373,6.5,Email Opened,E-COMMERCE,Unemployed,Other Metro Cities,Yes,Email Opened,0.31093777634216563,1,Rep_C
API,Organic Search,Yes,0,2.0,216,1.0,Unsubscribed,Finance Management,Unemployed,Mumbai,No,Unsubscribed,0.3101993315026664,0,Rep_D
Landing Page Submission,Google,No,0,4.0,434,4.0,Email Opened,Finance Management,Unemployed,Mumbai,No,Email Opened,0.30992819348939077,0,Rep_B
API,Google,No,0,2.0,71,2.0,SMS Sent,Finance Management,Unemployed,Mumbai,No,SMS Sent,0.3092023465689385,0,Rep_C
Landing Page Submission,Organic Search,No,1,4.0,95,4.0,Email Opened,Finance Management,Unemployed,Mumbai,No,Email Opened,0.3084840496860801,1,Rep_D
Landing Page Submission,Google,No,0,6.0,58,6.0,SMS Sent,International Business,Unemployed,Other Cities,No,Modified,0.3064967833638858,0,Rep_B
Landing Page Submission,Google,No,0,12.0,48,3.0,Page Visited on Website,Business Administration,Unemployed,Mumbai,Yes,Page Visited on Website,0.30622733900476296,0,Rep_C
API,Google,No,0,3.0,247,3.0,SMS Sent,Finance Management,Unemployed,Mumbai,No,Modified,0.30529157212245756,0,Rep_D
Landing Page Submission,Organic Search,No,0,3.0,161,3.0,Email Opened,Travel and Tourism,Unemployed,Other Cities,Yes,Email Opened,0.3043105835346351,0,Rep_B
Landing Page Submission,Direct Traffic,No,0,5.0,213,2.5,Page Visited on Website,Finance Management,Unemployed,Mumbai,Yes,Page Visited on Website,0.30412372833042095,0,Rep_C
Landing Page Submission,Google,Yes,0,2.0,1017,2.0,Email Bounced,IT Projects Management,Unemployed,Other Cities,No,Modified,0.3033343974476893,0,Rep_D
API,Google,No,1,3.0,8,1.5,SMS Sent,Finance Management,Unemployed,Mumbai,No,SMS Sent,0.30306517076046274,1,Rep_B
Landing Page Submission,Direct Traffic,No,0,2.0,24,2.0,SMS Sent,Finance Management,Unemployed,Mumbai,Yes,SMS Sent,0.30227920857848545,0,Rep_C
API,Google,No,0,2.0,52,2.0,SMS Sent,Finance Management,Unemployed,Mumbai,No,SMS Sent,0.30125428952043304,0,Rep_D
API,Direct Traffic,No,1,5.0,171,1.67,SMS Sent,Finance Management,Unemployed,Mumbai,No,SMS Sent,0.3008953775282296,1,Rep_B
Landing Page Submission,Google,No,1,4.0,409,4.0,Email Opened,Finance Management,Unemployed,Mumbai,No,Email Opened,0.2994806283875003,1,Rep_C
Landing Page Submission,Direct Traffic,No,0,3.0,9,3.0,SMS Sent,Supply Chain Management,Unemployed,Other Metro Cities,Yes,SMS Sent,0.2994596863737943,0,Rep_D
Landing Page Submission,Direct Traffic,No,0,2.0,231,2.0,Page Visited on Website,Human Resource Management,Unemployed,Mumbai,Yes,Modified,0.29936757581515644,0,Rep_B
API,Google,No,0,3.0,242,1.5,Olark Chat Conversation,Finance Management,Unemployed,Mumbai,No,Olark Chat Conversation,0.2983452914043294,0,Rep_C
API,Google,No,0,5.0,125,1.25,Page Visited on Website,Finance Management,Unemployed,Mumbai,No,Page Visited on Website,0.29802795848089153,0,Rep_D
Landing Page Submission,Google,No,0,3.0,325,3.0,Email Opened,Human Resource Management,Unemployed,Mumbai,No,Email Opened,0.2979585518919838,0,Rep_B
Landing Page Submission,Google,No,0,3.0,323,3.0,Email Opened,Hospitality Management,Unemployed,Mumbai,No,Email Opened,0.2965665958856951,0,Rep_C
API,Google,No,1,10.0,764,10.0,Email Opened,Human Resource Management,Working Professional,Mumbai,No,Email Opened,0.2956155354008904,1,Rep_D
Landing Page Submission,Direct Traffic,No,0,4.0,99,2.0,SMS Sent,Human Resource Management,Unemployed,Mumbai,Yes,Modified,0.2955348373528673,0,Rep_B
Landing Page Submission,Google,No,1,3.0,312,3.0,Email Opened,Operations Management,Unemployed,Mumbai,No,Email Opened,0.295443028812741,1,Rep_C
Landing Page Submission,Google,No,0,3.0,208,3.0,Email Opened,IT Projects Management,Unemployed,Mumbai,No,Modified,0.2952868120201479,0,Rep_D
API,Organic Search,No,0,6.0,224,6.0,Page Visited on Website,Finance Management,Unemployed,Mumbai,No,Modified,0.29493441653599695,0,Rep_B
Landing Page Submission,Organic Search,No,0,4.0,407,4.0,Email Link Clicked,Operations Management,Unemployed,Mumbai,Yes,Email Link Clicked,0.2946779687685655,0,Rep_C
API,Google,No,0,14.0,174,2.8,Page Visited on Website,Marketing Management,Unemployed,Mumbai,No,Page Visited on Website,0.2939786307988924,0,Rep_D
Landing Page Submission,Direct Traffic,No,0,2.0,155,2.0,Page Visited on Website,Retail Management,Unemployed,Mumbai,Yes,Page Visited on Website,0.29394772878995873,0,Rep_B
Landing Page Submission,Direct Traffic,No,0,3.0,335,1.5,Form Submitted on Website,Finance Management,Unemployed,Mumbai,Yes,Modified,0.29307139467914,0,Rep_C
Landing Page Submission,Google,No,0,5.0,383,5.0,Email Opened,Business Administration,Unemployed,Thane & Outskirts,No,Email Opened,0.2929650572911833,0,Rep_D
Landing Page Submission,Google,No,0,2.0,18,2.0,Form Submitted on Website,Human Resource Management,Unemployed,Mumbai,No,Modified,0.2927586268048515,0,Rep_B
Landing Page Submission,Google,No,0,4.0,384,4.0,Email Opened,Marketing Management,Unemployed,Mumbai,No,Email Opened,0.29260167111202057,0,Rep_C
API,Google,No,1,2.0,30,2.0,SMS Sent,Finance Management,Unemployed,Mumbai,No,SMS Sent,0.2921982869542935,1,Rep_D
Landing Page Submission,Google,No,0,3.0,301,3.0,Email Opened,Retail Management,Unemployed,Mumbai,No,Email Opened,0.29150728159401673,0,Rep_B
Landing Page Submission,Direct Traffic,No,1,10.0,151,3.33,SMS Sent,Operations Management,Unemployed,Mumbai,Yes,Modified,0.29124627525485314,1,Rep_C
Landing Page Submission,Direct Traffic,Yes,0,5.0,946,2.5,Page Visited on Website,Retail Management,Unemployed,Mumbai,Yes,Modified,0.2901249843349839,0,Rep_D
Landing Page Submission,Direct Traffic,No,0,7.0,386,2.33,Email Opened,Human Resource Management,Unemployed,Mumbai,No,Email Opened,0.28823363803180563,0,Rep_B
Landing Page Submission,Direct Traffic,Yes,0,2.0,712,2.0,SMS Sent,Healthcare Management,Unemployed,Mumbai,Yes,SMS Sent,0.28774075446241176,0,Rep_C
Landing Page Submission,Google,No,1,4.0,363,4.0,Email Opened,Supply Chain Management,Unemployed,Mumbai,No,Email Opened,0.2874296757511144,1,Rep_D
Landing Page Submission,Direct Traffic,No,0,11.0,3,1.22,Page Visited on Website,Business Administration,Unemployed,Other Cities,Yes,Page Visited on Website,0.28599348928679863,0,Rep_B
Landing Page Submission,Organic Search,No,0,2.0,172,2.0,Converted to Lead,Supply Chain Management,Unemployed,Mumbai,Yes,Modified,0.28555925229621854,0,Rep_C
API,Organic Search,No,1,2.0,362,2.0,Converted to Lead,Finance Management,Unemployed,Other Cities,No,Modified,0.28468775409765534,1,Rep_D
API,Google,No,0,2.0,175,2.0,Page Visited on Website,Finance Management,Unemployed,Mumbai,No,Page Visited on Website,0.284673767860243,0,Rep_B
Landing Page Submission,Direct Traffic,No,0,15.0,69,3.0,Form Submitted on Website,Human Resource Management,Unemployed,Thane & Outskirts,No,Modified,0.28449546309933166,0,Rep_C
API,Direct Traffic,No,1,12.0,942,12.0,SMS Sent,Supply Chain Management,Unemployed,Thane & Outskirts,No,Modified,0.2842084605364211,1,Rep_D
API,Google,No,1,3.0,519,1.0,Email Opened,Finance Management,Unemployed,Mumbai,No,Email Opened,0.2837183922676448,1,Rep_B
Landing Page Submission,Google,No,0,3.0,203,3.0,Email Opened,Finance Management,Unemployed,Thane & Outskirts,No,Email Opened,0.28345564597687184,0,Rep_C
Landing Page Submission,Direct Traffic,No,0,4.0,251,4.0,Page Visited on Website,IT Projects Management,Unemployed,Thane & Outskirts,Yes,Modified,0.2828767676152979,0,Rep_D
API,Organic Search,No,0,2.0,271,2.0,Email Opened,Finance Management,Unemployed,Mumbai,No,Email Opened,0.28279998254634303,0,Rep_B
Landing Page Submission,Google,No,0,6.0,267,3.0,Email Link Clicked,Human Resource Management,Unemployed,Mumbai,No,Modified,0.2827727076561332,0,Rep_C
API,Google,No,0,6.0,76,1.2,Page Visited on Website,Finance Management,Unemployed,Mumbai,No,Page Visited on Website,0.2825833047854,0,Rep_D
Landing Page Submission,Direct Traffic,No,0,3.0,515,3.0,Email Opened,Human Resource Management,Unemployed,Other Cities,Yes,Modified,0.2822370194676078,0,Rep_B
API,Organic Search,No,0,3.0,330,1.5,Converted to Lead,Finance Management,Unemployed,Mumbai,No,Modified,0.2821777683413982,0,Rep_C
Landing Page Submission,Google,No,0,3.0,278,3.0,Email Opened,Operations Management,Unemployed,Mumbai,No,Email Opened,0.2816757164115112,0,Rep_D
API,Olark Chat,No,1,0.0,0,0.0,Email Opened,Finance Management,Unemployed,Thane & Outskirts,No,Modified,0.2816321816771666,1,Rep_B
Landing Page Submission,Direct Traffic,No,0,2.0,63,2.0,SMS Sent,Business Administration,Unemployed,Other Cities,Yes,Modified,0.2812339480200846,0,Rep_C
Landing Page Submission,Google,No,0,2.0,315,2.0,Converted to Lead,Human Resource Management,Unemployed,Mumbai,No,Modified,0.28063304085938795,0,Rep_D
Landing Page Submission,Direct Traffic,No,0,2.0,240,2.0,Email Opened,IT Projects Management,Unemployed,Other Cities,No,Modified,0.2803345104836094,0,Rep_B
Landing Page Submission,Organic Search,No,0,3.0,129,3.0,Email Opened,Operations Management,Unemployed,Mumbai,Yes,Email Opened,0.27924910109483314,0,Rep_C
Landing Page Submission,Google,No,0,2.0,121,2.0,Email Opened,"Banking, Investment And Insurance",Unemployed,Thane & Outskirts,No,Email Opened,0.2789389870707319,0,Rep_D
Landing Page Submission,Direct Traffic,No,0,3.0,597,3.0,Email Opened,Finance Management,Unemployed,Other Cities of Maharashtra,Yes,Email Opened,0.2787948026428779,0,Rep_B
Landing Page Submission,Direct Traffic,No,1,1.0,594,1.0,Converted to Lead,Human Resource Management,Unemployed,Mumbai,Yes,Modified,0.27853862664029533,1,Rep_C
API,Google,No,1,16.0,436,1.23,Email Opened,Finance Management,Unemployed,Mumbai,No,Email Opened,0.27847233443806985,1,Rep_D
Landing Page Submission,Google,No,0,2.0,305,2.0,Converted to Lead,Marketing Management,Unemployed,Mumbai,No,Modified,0.27830264957627965,0,Rep_B
Landing Page Submission,Google,No,0,5.0,12,1.67,Olark Chat Conversation,Human Resource Management,Unemployed,Mumbai,Yes,Modified,0.27601074740772535,0,Rep_C
Landing Page Submission,Google,No,0,5.0,129,5.0,SMS Sent,Finance Management,Unemployed,Mumbai,Yes,Modified,0.27598113864039014,0,Rep_D
Landing Page Submission,Google,No,0,8.0,350,8.0,Page Visited on Website,Retail Management,Unemployed,Other Cities of Maharashtra,Yes,Page Visited on Website,0.27426260437736527,0,Rep_B
Landing Page Submission,Direct Traffic,Yes,0,1.0,1185,1.0,Email Bounced,Human Resource Management,Unemployed,Other Metro Cities,Yes,Modified,0.2740208956368913,0,Rep_C
Landing Page Submission,Organic Search,Yes,0,4.0,233,4.0,SMS Sent,Operations Management,Unemployed,Mumbai,No,Modified,0.27386864715683334,0,Rep_D
Landing Page Submission,Google,No,0,3.0,235,3.0,Email Opened,Marketing Management,Unemployed,Other Cities,No,Email Opened,0.2725333128357683,0,Rep_B
API,Google,No,0,2.0,144,2.0,Page Visited on Website,Finance Management,Unemployed,Mumbai,No,Page Visited on Website,0.2723864458160713,0,Rep_C
Landing Page Submission,Direct Traffic,Yes,0,10.0,432,1.67,Unsubscribed,Business Administration,Unemployed,Mumbai,Yes,Unsubscribed,0.2719223652578441,0,Rep_D
Landing Page Submission,Google,No,0,4.0,332,4.0,Email Opened,IT Projects Management,Unemployed,Mumbai,No,Email Opened,0.270754573272858,0,Rep_B
Landing Page Submission,Google,No,0,6.0,369,6.0,Email Opened,Operations Management,Unemployed,Mumbai,No,Modified,0.27047230013621076,0,Rep_C
Landing Page Submission,Direct Traffic,No,1,2.0,430,2.0,Email Opened,IT Projects Management,Unemployed,Mumbai,Yes,Modified,0.2703819624414902,1,Rep_D
Landing Page Submission,Google,No,0,6.0,162,3.0,Email Opened,Marketing Management,Unemployed,Other Metro Cities,No,Email Opened,0.269711026174812,0,Rep_B
Landing Page Submission,Direct Traffic,No,0,3.0,23,3.0,SMS Sent,Business Administration,Unemployed,Mumbai,Yes,SMS Sent,0.2695551344656827,0,Rep_C
API,Organic Search,No,0,3.0,74,1.5,Email Opened,Finance Management,Unemployed,Mumbai,No,Modified,0.26726032469976924,0,Rep_D
Landing Page Submission,Direct Traffic,Yes,0,22.0,601,1.38,Page Visited on Website,Retail Management,Unemployed,Other Cities,Yes,Page Visited on Website,0.2669337639854518,0,Rep_B
Landing Page Submission,Direct Traffic,No,0,2.0,287,2.0,Form Submitted on Website,"Banking, Investment And Insurance",Unemployed,Thane & Outskirts,Yes,Form Submitted on Website,0.26685739903081096,0,Rep_C
Landing Page Submission,Direct Traffic,No,0,4.0,329,2.0,Email Opened,Finance Management,Unemployed,Mumbai,No,Email Opened,0.2667814035900262,0,Rep_D
Landing Page Submission,Google,No,0,5.0,97,2.5,Email Opened,Marketing Management,Unemployed,Thane & Outskirts,No,Email Opened,0.26672555955557326,0,Rep_B
API,Organic Search,No,0,3.0,306,3.0,Email Opened,Finance Management,Unemployed,Mumbai,No,Email Opened,0.2666165827494332,0,Rep_C
Landing Page Submission,Google,No,0,4.0,326,4.0,Email Opened,Finance Management,Unemployed,Mumbai,No,Email Opened,0.2662943618180388,0,Rep_D
Landing Page Submission,Google,No,1,1.0,157,1.0,Converted to Lead,Hospitality Management,Unemployed,Other Cities of Maharashtra,No,Modified,0.2657677507904663,1,Rep_B
API,Referral Sites,No,0,6.0,110,3.0,Email Link Clicked,Finance Management,Unemployed,Mumbai,No,Email Link Clicked,0.26527285113230803,0,Rep_C
Landing Page Submission,Direct Traffic,No,0,1.0,485,1.0,Converted to Lead,Operations Management,Unemployed,Other Metro Cities,Yes,Modified,0.2651640261252298,0,Rep_D
Landing Page Submission,Google,No,0,3.0,50,3.0,Email Opened,Business Administration,Unemployed,Thane & Outskirts,No,Modified,0.26462264559958915,0,Rep_B
Landing Page Submission,Organic Search,No,0,8.0,397,8.0,Email Opened,Business Administration,Unemployed,Thane & Outskirts,Yes,Email Opened,0.2645675963872113,0,Rep_C
Landing Page Submission,Direct Traffic,No,0,1.0,562,1.0,Converted to Lead,Finance Management,Unemployed,Mumbai,Yes,Modified,0.2644430396932082,0,Rep_D
Landing Page Submission,Google,No,1,10.0,147,2.5,Email Opened,Marketing Management,Unemployed,Mumbai,No,Email Opened,0.26431448004334945,1,Rep_B
Landing Page Submission,Direct Traffic,No,0,3.0,417,3.0,Email Opened,"Banking, Investment And Insurance",Unemployed,Mumbai,No,Email Opened,0.2639444671183619,0,Rep_C
API,Google,No,0,3.0,506,1.5,Email Opened,Finance Management,Unemployed,Mumbai,No,Email Opened,0.2623815118981473,0,Rep_D
Landing Page Submission,Direct Traffic,No,0,6.0,288,3.0,Email Opened,Marketing Management,Unemployed,Thane & Outskirts,No,Email Opened,0.26232836310543556,0,Rep_B
Landing Page Submission,Google,No,0,3.0,428,3.0,Email Opened,Human Resource Management,Unemployed,Mumbai,Yes,Email Opened,0.2623237169532318,0,Rep_C
Landing Page Submission,Organic Search,No,0,3.0,62,3.0,Email Opened,Operations Management,Unemployed,Other Cities,Yes,Email Opened,0.261972665305519,0,Rep_D
Landing Page Submission,Direct Traffic,No,1,7.0,17,3.5,SMS Sent,Business Administration,Unemployed,Mumbai,Yes,SMS Sent,0.2618016074909094,1,Rep_B
Landing Page Submission,Google,No,0,4.0,287,4.0,Email Opened,Human Resource Management,Unemployed,Other Cities,No,Email Opened,0.26160026854850116,0,Rep_C
Landing Page Submission,Direct Traffic,No,1,4.0,69,4.0,SMS Sent,Human Resource Management,Unemployed,Mumbai,Yes,SMS Sent,0.2611277043501649,1,Rep_D
Landing Page Submission,Direct Traffic,No,0,1.0,343,1.0,Converted to Lead,Supply Chain Management,Unemployed,Mumbai,No,Modified,0.2607005139347326,0,Rep_B
Landing Page Submission,Google,No,0,4.0,18,4.0,SMS Sent,"Banking, Investment And Insurance",Unemployed,Mumbai,Yes,Modified,0.26037139245399915,0,Rep_C
Landing Page Submission,Google,No,0,2.0,127,1.0,Converted to Lead,Marketing Management,Unemployed,Other Cities of Maharashtra,No,Modified,0.2590300784834318,0,Rep_D
Landing Page Submission,Direct Traffic,No,0,8.0,391,8.0,Page Visited on Website,Human Resource Management,Unemployed,Mumbai,No,Modified,0.2580126147997937,0,Rep_B
API,Organic Search,No,0,9.0,251,4.5,Email Opened,Finance Management,Unemployed,Mumbai,No,Modified,0.2554461929885973,0,Rep_C
API,Organic Search,No,0,1.0,233,1.0,Converted to Lead,Finance Management,Unemployed,Mumbai,No,Modified,0.2553772481398284,0,Rep_D
Landing Page Submission,Referral Sites,No,0,12.0,493,12.0,Email Link Clicked,Marketing Management,Unemployed,Thane & Outskirts,Yes,Email Link Clicked,0.2553289857189183,0,Rep_B
Landing Page Submission,Google,No,0,12.0,150,3.0,Email Opened,Marketing Management,Unemployed,Mumbai,No,Email Opened,0.25490042802648166,0,Rep_C
Landing Page Submission,Direct Traffic,No,0,2.0,2,2.0,SMS Sent,Operations Management,Unemployed,Mumbai,Yes,Modified,0.25475620001482335,0,Rep_D
Landing Page Submission,Google,No,0,5.0,41,5.0,SMS Sent,Media and Advertising,Unemployed,Other Cities,Yes,Modified,0.2545602157346291,0,Rep_B
Landing Page Submission,Google,No,0,4.0,240,2.0,Converted to Lead,Business Administration,Unemployed,Mumbai,No,Modified,0.2537725276765588,0,Rep_C
Landing Page Submission,Direct Traffic,No,1,9.0,747,9.0,Email Opened,Human Resource Management,Unemployed,Thane & Outskirts,No,Email Opened,0.2537340559440244,1,Rep_D
Landing Page Submission,Direct Traffic,No,0,4.0,439,4.0,Email Opened,E-COMMERCE,Unemployed,Other Cities,No,Email Opened,0.2535663673996546,0,Rep_B
API,Google,No,0,3.0,7,3.0,SMS Sent,Finance Management,Unemployed,Mumbai,No,SMS Sent,0.2534323067407437,0,Rep_C
Landing Page Submission,Direct Traffic,No,0,3.0,446,1.5,Email Opened,Human Resource Management,Unemployed,Mumbai,Yes,Email Opened,0.2527998448806735,0,Rep_D
Landing Page Submission,Direct Traffic,No,0,5.0,278,2.5,Form Submitted on Website,Finance Management,Unemployed,Other Cities,Yes,Modified,0.25253670410148865,0,Rep_B
Landing Page Submission,Direct Traffic,No,0,4.0,373,4.0,Had a Phone Conversation,Human Resource Management,Unemployed,Mumbai,Yes,Modified,0.2524052980761569,0,Rep_C
API,Organic Search,No,0,1.0,225,1.0,Converted to Lead,Finance Management,Unemployed,Mumbai,No,Modified,0.25238784093025207,0,Rep_D
Landing Page Submission,Google,No,0,3.0,194,3.0,Email Opened,Travel and Tourism,Unemployed,Mumbai,No,Email Opened,0.25194215574948353,0,Rep_B
Landing Page Submission,Google,No,0,4.0,92,4.0,Email Opened,Business Administration,Unemployed,Thane & Outskirts,No,Modified,0.2517101353418636,0,Rep_C
API,Olark Chat,Yes,0,1.0,328,1.0,Unsubscribed,Healthcare Management,Unemployed,Other Cities,Yes,Unsubscribed,0.25162298493456237,0,Rep_D
Landing Page Submission,Google,No,0,3.0,211,3.0,Email Opened,Finance Management,Unemployed,Mumbai,No,Email Opened,0.2516034625884454,0,Rep_B
Landing Page Submission,Google,Yes,0,5.0,497,5.0,Unsubscribed,E-Business,Unemployed,Other Cities,Yes,Unsubscribed,0.2513904440958932,0,Rep_C
Landing Page Submission,Direct Traffic,No,0,2.0,498,2.0,Email Opened,Business Administration,Unemployed,Mumbai,Yes,Email Opened,0.2510820831446863,0,Rep_D
Landing Page Submission,Google,No,0,3.0,201,3.0,Email Opened,Marketing Management,Unemployed,Mumbai,No,Email Opened,0.250960200705447,0,Rep_B
API,Olark Chat,No,0,2.0,189,1.0,Email Opened,Finance Management,Unemployed,Mumbai,No,Email Opened,0.2508490969886704,0,Rep_C
Landing Page Submission,Google,No,0,2.0,137,2.0,Email Opened,"Banking, Investment And Insurance",Unemployed,Mumbai,No,Email Opened,0.2503693576388944,0,Rep_D
API,Google,No,0,2.0,297,2.0,Form Submitted on Website,Human Resource Management,Unemployed,Mumbai,No,Modified,0.2492141554143728,0,Rep_B
Landing Page Submission,Google,No,0,8.0,87,2.0,Email Opened,Finance Management,Unemployed,Mumbai,No,Email Opened,0.24909728329781852,0,Rep_C
API,Organic Search,No,0,2.0,579,1.0,Email Opened,Finance Management,Student,Mumbai,No,Email Opened,0.24877135135129502,0,Rep_D
Landing Page Submission,Direct Traffic,No,0,4.0,266,2.0,Email Opened,Marketing Management,Unemployed,Thane & Outskirts,Yes,Modified,0.2487474103634892,0,Rep_B
Landing Page Submission,Direct Traffic,No,1,3.0,425,1.5,Email Opened,Operations Management,Unemployed,Mumbai,Yes,Email Opened,0.24757799371270195,1,Rep_C
Landing Page Submission,Direct Traffic,No,0,6.0,184,6.0,SMS Sent,Human Resource Management,Unemployed,Mumbai,Yes,SMS Sent,0.24715778207617567,0,Rep_D
API,Olark Chat,No,0,0.0,0,0.0,Email Opened,Finance Management,Unemployed,Mumbai,No,Modified,0.2469667753819677,0,Rep_B
API,Olark Chat,No,0,0.0,0,0.0,Email Opened,Finance Management,Unemployed,Mumbai,No,Modified,0.2469667753819677,0,Rep_C
API,Olark Chat,No,0,0.0,0,0.0,Email Opened,Finance Management,Unemployed,Mumbai,No,Modified,0.2469667753819677,0,Rep_D
API,Olark Chat,No,0,0.0,0,0.0,Email Opened,Finance Management,Unemployed,Mumbai,No,Modified,0.2469667753819677,0,Rep_B
API,Olark Chat,No,0,0.0,0,0.0,Email Opened,Finance Management,Unemployed,Mumbai,No,Modified,0.2469667753819677,0,Rep_C
API,Olark Chat,No,0,0.0,0,0.0,Email Opened,Finance Management,Unemployed,Mumbai,No,Modified,0.2469667753819677,0,Rep_D
API,Olark Chat,No,0,0.0,0,0.0,Email Opened,Finance Management,Unemployed,Mumbai,No,Modified,0.2469667753819677,0,Rep_B
API,Olark Chat,No,1,0.0,0,0.0,Email Opened,Finance Management,Unemployed,Mumbai,No,Modified,0.2469667753819677,1,Rep_C
API,Olark Chat,No,1,0.0,0,0.0,Email Opened,Finance Management,Unemployed,Mumbai,No,Modified,0.2469667753819677,1,Rep_D
API,Olark Chat,No,0,0.0,0,0.0,Email Opened,Finance Management,Unemployed,Mumbai,No,Modified,0.2469667753819677,0,Rep_B
API,Olark Chat,No,0,0.0,0,0.0,Email Opened,Finance Management,Unemployed,Mumbai,No,Modified,0.2469667753819677,0,Rep_C
API,Olark Chat,No,0,0.0,0,0.0,Email Opened,Finance Management,Unemployed,Mumbai,No,Modified,0.2469667753819677,0,Rep_D
API,Olark Chat,No,0,0.0,0,0.0,Email Opened,Finance Management,Unemployed,Mumbai,No,Modified,0.2469667753819677,0,Rep_B
API,Olark Chat,No,1,0.0,0,0.0,Email Opened,Finance Management,Unemployed,Mumbai,No,Modified,0.2469667753819677,1,Rep_C
API,Olark Chat,No,0,0.0,0,0.0,Email Opened,Finance Management,Unemployed,Mumbai,No,Modified,0.2469667753819677,0,Rep_D
API,Olark Chat,No,0,0.0,0,0.0,Email Opened,Finance Management,Unemployed,Mumbai,No,Modified,0.2469667753819677,0,Rep_B
API,Olark Chat,No,0,0.0,0,0.0,Email Opened,Finance Management,Unemployed,Mumbai,No,Modified,0.2469667753819677,0,Rep_C
API,Olark Chat,No,1,0.0,0,0.0,Email Opened,Finance Management,Unemployed,Mumbai,No,Modified,0.2469667753819677,1,Rep_D
API,Organic Search,No,0,3.0,144,3.0,Email Opened,Finance Management,Unemployed,Mumbai,No,Modified,0.24672578453713026,0,Rep_B
Landing Page Submission,Direct Traffic,No,0,1.0,419,1.0,Converted to Lead,Human Resource Management,Unemployed,Thane & Outskirts,Yes,Modified,0.2462957115798709,0,Rep_C
API,Olark Chat,No,1,0.0,0,0.0,Email Opened,Supply Chain Management,Unemployed,Thane & Outskirts,No,Email Opened,0.24618842108626926,1,Rep_D
Landing Page Submission,Google,No,0,5.0,31,2.5,Email Opened,Finance Management,Unemployed,Mumbai,No,Modified,0.2458258798059652,0,Rep_B
Landing Page Submission,Direct Traffic,No,0,3.0,99,3.0,Page Visited on Website,IT Projects Management,Unemployed,Other Metro Cities,Yes,Modified,0.24519272627833602,0,Rep_C
Landing Page Submission,Google,No,0,5.0,240,5.0,Email Opened,"Banking, Investment And Insurance",Unemployed,Mumbai,No,Modified,0.2443394049054774,0,Rep_D
Landing Page Submission,Google,No,0,6.0,32,6.0,Page Visited on Website,Human Resource Management,Unemployed,Mumbai,No,Modified,0.2436159002403639,0,Rep_B
Landing Page Submission,Google,No,0,1.0,123,1.0,Converted to Lead,Finance Management,Unemployed,Other Cities,No,Modified,0.24354728179599966,0,Rep_C
Landing Page Submission,Direct Traffic,Yes,0,2.0,365,2.0,Unsubscribed,Healthcare Management,Unemployed,Other Metro Cities,Yes,Unsubscribed,0.2433600987258098,0,Rep_D
Landing Page Submission,Google,No,0,6.0,168,3.0,Email Opened,Finance Management,Unemployed,Mumbai,No,Email Opened,0.24334675703298425,0,Rep_B
API,Olark Chat,No,1,0.0,0,0.0,Email Opened,Marketing Management,Unemployed,Thane & Outskirts,No,Email Opened,0.24317456067714316,1,Rep_C
API,Olark Chat,No,1,0.0,0,0.0,Email Opened,Marketing Management,Unemployed,Thane & Outskirts,No,Email Opened,0.24317456067714316,1,Rep_D
Landing Page Submission,Direct Traffic,No,0,4.0,22,4.0,SMS Sent,Hospitality Management,Unemployed,Mumbai,Yes,SMS Sent,0.24313833308288213,0,Rep_B
Landing Page Submission,Direct Traffic,No,0,1.0,500,1.0,Converted to Lead,Healthcare Management,Unemployed,Mumbai,Yes,Modified,0.2418449790262686,0,Rep_C
API,Google,No,0,2.0,117,2.0,Page Visited on Website,Finance Management,Unemployed,Mumbai,No,Modified,0.24168723401621106,0,Rep_D
API,Google,No,0,2.0,498,2.0,Email Opened,Finance Management,Unemployed,Mumbai,No,Email Opened,0.24144105062889554,0,Rep_B
Landing Page Submission,Direct Traffic,No,0,8.0,35,2.0,Page Visited on Website,Media and Advertising,Unemployed,Mumbai,Yes,Modified,0.24138279698731221,0,Rep_C
API,Google,No,0,2.0,86,1.0,Olark Chat Conversation,Finance Management,Unemployed,Mumbai,No,Modified,0.24078976605316538,0,Rep_D
API,Google,No,0,2.0,4,2.0,SMS Sent,Finance Management,Unemployed,Mumbai,No,Modified,0.2402512744543099,0,Rep_B
API,Olark Chat,No,0,0.0,0,0.0,Email Opened,Finance Management,Unemployed,Thane & Outskirts,No,Email Opened,0.24018584011435692,0,Rep_C
Landing Page Submission,Google,No,0,8.0,138,4.0,Email Opened,Finance Management,Unemployed,Thane & Outskirts,No,Email Opened,0.2401397638771814,0,Rep_D
Landing Page Submission,Direct Traffic,No,0,7.0,202,7.0,SMS Sent,"Banking, Investment And Insurance",Unemployed,Other Cities of Maharashtra,Yes,SMS Sent,0.23895912299980107,0,Rep_B
Landing Page Submission,Direct Traffic,No,0,2.0,346,2.0,Email Opened,Human Resource Management,Unemployed,Mumbai,Yes,Modified,0.23846574271287696,0,Rep_C
API,Google,No,0,2.0,108,2.0,Page Visited on Website,Finance Management,Unemployed,Mumbai,No,Modified,0.23844827845399652,0,Rep_D
API,Olark Chat,No,0,2.0,99,2.0,Olark Chat Conversation,Finance Management,Unemployed,Mumbai,Yes,Modified,0.2368404326403971,0,Rep_B
Landing Page Submission,Google,No,0,2.0,177,2.0,Converted to Lead,Hospitality Management,Unemployed,Other Cities,No,Modified,0.23655614366790445,0,Rep_C
Landing Page Submission,Google,No,0,6.0,153,3.0,Email Opened,Business Administration,Unemployed,Mumbai,No,Email Opened,0.23646442529138048,0,Rep_D
API,Google,No,0,8.0,403,2.0,Email Opened,"Banking, Investment And Insurance",Unemployed,Other Cities of Maharashtra,No,Email Opened,0.2363381637169386,0,Rep_B
API,Google,No,0,3.0,13,3.0,Unreachable,Finance Management,Unemployed,Mumbai,No,Modified,0.23571758439005056,0,Rep_C
API,Google,No,0,2.0,44,2.0,Page Visited on Website,Finance Management,Unemployed,Mumbai,No,Page Visited on Website,0.23508504703854718,0,Rep_D
Landing Page Submission,Google,No,0,3.0,165,3.0,Email Opened,Finance Management,Unemployed,Mumbai,No,Email Opened,0.23490435141521349,0,Rep_B
Landing Page Submission,Direct Traffic,No,0,5.0,286,5.0,Page Visited on Website,Marketing Management,Unemployed,Mumbai,Yes,Modified,0.23424077368031795,0,Rep_C
API,Google,No,0,5.0,372,1.0,Email Opened,Finance Management,Unemployed,Mumbai,No,Email Opened,0.23342251737387745,0,Rep_D
Landing Page Submission,Direct Traffic,No,0,3.0,193,3.0,Olark Chat Conversation,Finance Management,Unemployed,Mumbai,Yes,Modified,0.2330363036682463,0,Rep_B
API,Google,No,0,3.0,441,3.0,Email Opened,Finance Management,Unemployed,Mumbai,No,Modified,0.23285788612147468,0,Rep_C
Landing Page Submission,Google,No,0,5.0,176,1.25,Email Opened,Supply Chain Management,Unemployed,Mumbai,Yes,Email Opened,0.23272770735644294,0,Rep_D
Landing Page Submission,Organic Search,No,0,3.0,105,3.0,Converted to Lead,Business Administration,Unemployed,Other Cities,Yes,Modified,0.23224858192429773,0,Rep_B
API,Google,No,0,9.0,125,3.0,Page Visited on Website,Finance Management,Unemployed,Mumbai,No,Modified,0.23201238708331945,0,Rep_C
API,Olark Chat,No,1,0.0,0,0.0,Email Opened,Business Administration,Unemployed,Other Metro Cities,No,Email Opened,0.23068741393282136,1,Rep_D
API,Organic Search,No,0,4.0,282,4.0,Email Opened,Finance Management,Unemployed,Mumbai,No,Email Opened,0.22979167053247437,0,Rep_B
Landing Page Submission,Direct Traffic,No,0,1.0,262,1.0,Converted to Lead,Operations Management,Unemployed,Mumbai,No,Modified,0.22917232350357084,0,Rep_C
API,Google,No,0,2.0,462,2.0,Email Opened,Finance Management,Unemployed,Mumbai,No,Email Opened,0.22867429629870742,0,Rep_D
API,Google,No,0,1.0,493,1.0,Converted to Lead,Finance Management,Unemployed,Mumbai,No,Modified,0.22807421179096193,0,Rep_B
API,Google,No,1,7.0,241,7.0,SMS Sent,Finance Management,Unemployed,Mumbai,No,SMS Sent,0.22794961134108618,1,Rep_C
Landing Page Submission,Google,No,0,4.0,237,2.0,Email Opened,Media and Advertising,Unemployed,Mumbai,Yes,Email Opened,0.2274861938299478,0,Rep_D
Landing Page Submission,Direct Traffic,No,0,2.0,182,2.0,Email Opened,Human Resource Management,Unemployed,Other Cities of Maharashtra,No,Email Opened,0.22607658237194564,0,Rep_B
API,Google,No,0,7.0,11,2.33,Page Visited on Website,Finance Management,Unemployed,Mumbai,No,Page Visited on Website,0.22592139836919573,0,Rep_C
Landing Page Submission,Google,No,0,4.0,213,4.0,Email Opened,Healthcare Management,Unemployed,Mumbai,No,Email Opened,0.22553420931438373,0,Rep_D
API,Organic Search,No,0,5.0,345,5.0,Email Opened,Finance Management,Unemployed,Mumbai,No,Email Opened,0.22522116668780512,0,Rep_B
Landing Page Submission,Direct Traffic,No,0,2.0,377,2.0,Email Opened,E-Business,Unemployed,Other Cities of Maharashtra,Yes,Email Opened,0.22450750108861087,0,Rep_C
Landing Page Submission,Google,No,0,3.0,144,3.0,Converted to Lead,Marketing Management,Unemployed,Thane & Outskirts,No,Modified,0.22403407715227275,0,Rep_D
API,Google,No,0,2.0,121,2.0,Olark Chat Conversation,Finance Management,Unemployed,Mumbai,No,Modified,0.22389819796081054,0,Rep_B
Landing Page Submission,Direct Traffic,No,1,2.0,311,2.0,Email Opened,E-Business,Unemployed,Mumbai,Yes,Modified,0.22378504450178005,1,Rep_C
Landing Page Submission,Google,No,0,6.0,361,6.0,Email Opened,Finance Management,Unemployed,Mumbai,No,Email Opened,0.2235609532767049,0,Rep_D
Landing Page Submission,Direct Traffic,No,0,3.0,289,3.0,SMS Sent,Finance Management,Student,Mumbai,No,Modified,0.22354447445001502,0,Rep_B
Landing Page Submission,Direct Traffic,No,0,2.0,33,2.0,Page Visited on Website,Finance Management,Unemployed,Mumbai,Yes,Modified,0.2228632733525538,0,Rep_C
API,Olark Chat,Yes,0,0.0,0,0.0,Unsubscribed,Finance Management,Unemployed,Mumbai,No,Unsubscribed,0.22200965959086322,0,Rep_D
API,Olark Chat,Yes,1,0.0,0,0.0,Unsubscribed,Finance Management,Unemployed,Mumbai,No,Unsubscribed,0.22200965959086322,1,Rep_B
API,Google,No,0,3.0,137,3.0,Page Visited on Website,Finance Management,Unemployed,Mumbai,No,Modified,0.22195944718002678,0,Rep_C
Landing Page Submission,Direct Traffic,No,0,1.0,446,1.0,Converted to Lead,E-COMMERCE,Unemployed,Mumbai,Yes,Modified,0.221913131832093,0,Rep_D
API,Google,No,0,2.0,32,1.0,Olark Chat Conversation,Finance Management,Unemployed,Mumbai,No,Modified,0.2218565656138033,0,Rep_B
Landing Page Submission,Google,No,0,3.0,127,3.0,Email Opened,E-Business,Unemployed,Mumbai,No,Email Opened,0.22076384072419217,0,Rep_C
Landing Page Submission,Direct Traffic,No,1,5.0,36,5.0,SMS Sent,Finance Management,Unemployed,Mumbai,Yes,SMS Sent,0.22034542651677835,1,Rep_D
Landing Page Submission,Google,No,1,8.0,252,2.67,Email Opened,Finance Management,Unemployed,Mumbai,Yes,Email Opened,0.21964310939288612,1,Rep_B
API,Google,No,0,3.0,382,1.5,Email Opened,Human Resource Management,Unemployed,Mumbai,No,Email Opened,0.2192423869844589,0,Rep_C
Landing Page Submission,Direct Traffic,No,0,2.0,190,2.0,Email Opened,Supply Chain Management,Unemployed,Mumbai,No,Email Opened,0.21761939075020437,0,Rep_D
Landing Page Submission,Press_Release,Yes,0,6.0,358,6.0,Page Visited on Website,Supply Chain Management,Unemployed,Mumbai,Yes,Modified,0.21715145926066315,0,Rep_B
Landing Page Submission,Google,Yes,0,2.0,435,2.0,Olark Chat Conversation,Finance Management,Unemployed,Mumbai,No,Modified,0.21715121222530748,0,Rep_C
API,Olark Chat,No,1,0.0,0,0.0,Email Opened,Finance Management,Unemployed,Other Cities,No,Email Opened,0.21661245194066536,1,Rep_D
API,Olark Chat,No,1,0.0,0,0.0,Email Opened,Finance Management,Unemployed,Other Cities,No,Email Opened,0.21661245194066536,1,Rep_B
API,Organic Search,No,0,3.0,273,3.0,Converted to Lead,Finance Management,Unemployed,Mumbai,No,Modified,0.21554815225455404,0,Rep_C
Landing Page Submission,Google,No,0,7.0,15,2.33,Email Opened,Marketing Management,Unemployed,Mumbai,No,Email Opened,0.21472057886043863,0,Rep_D
Landing Page Submission,Organic Search,No,0,8.0,297,8.0,Email Opened,Healthcare Management,Unemployed,Other Cities of Maharashtra,Yes,Email Opened,0.21450233464051194,0,Rep_B
API,Google,No,0,2.0,419,2.0,Email Opened,Finance Management,Unemployed,Mumbai,No,Email Opened,0.21405771062216153,0,Rep_C
Landing Page Submission,Direct Traffic,No,0,7.0,250,1.4,Email Link Clicked,Healthcare Management,Unemployed,Other Cities,No,Email Link Clicked,0.21358198578504187,0,Rep_D
API,Google,No,0,2.0,334,1.0,Email Opened,Finance Management,Unemployed,Mumbai,No,Email Opened,0.21340285321816008,0,Rep_B
API,Google,No,1,3.0,165,3.0,Olark Chat Conversation,Finance Management,Unemployed,Mumbai,No,Modified,0.21305967063779155,1,Rep_C
Landing Page Submission,Direct Traffic,No,0,2.0,332,2.0,Email Opened,International Business,Unemployed,Other Cities of Maharashtra,Yes,Email Opened,0.21259823454832358,0,Rep_D
Landing Page Submission,Direct Traffic,No,0,2.0,371,2.0,Email Opened,Operations Management,Unemployed,Mumbai,Yes,Email Opened,0.21190451667787663,0,Rep_B
API,Olark Chat,No,0,0.0,0,0.0,Email Opened,Marketing Management,Unemployed,Mumbai,No,Email Opened,0.2118468519991652,0,Rep_C
API,Google,No,0,5.0,324,2.5,Email Opened,Finance Management,Unemployed,Mumbai,No,Modified,0.21179048245709894,0,Rep_D
API,Organic Search,No,0,5.0,193,5.0,Email Opened,Finance Management,Unemployed,Mumbai,No,Modified,0.21080788246628002,0,Rep_B
API,Olark Chat,No,1,0.0,0,0.0,Email Opened,Human Resource Management,Unemployed,Mumbai,No,Email Opened,0.21048860986465354,1,Rep_C
Landing Page Submission,Google,No,0,4.0,75,4.0,Email Opened,Human Resource Management,Unemployed,Thane & Outskirts,No,Email Opened,0.21048220504543722,0,Rep_D
API,Google,No,0,4.0,229,1.33,Email Opened,Finance Management,Unemployed,Mumbai,No,Modified,0.2102460703439421,0,Rep_B
API,Olark Chat,No,0,0.0,0,0.0,Email Opened,Healthcare Management,Unemployed,Mumbai,No,Email Opened,0.20958666931447595,0,Rep_C
API,Olark Chat,No,0,0.0,0,0.0,Email Link Clicked,Finance Management,Unemployed,Mumbai,No,Modified,0.20917282936410841,0,Rep_D
API,Olark Chat,No,0,0.0,0,0.0,Email Link Clicked,Finance Management,Unemployed,Mumbai,No,Modified,0.20917282936410841,0,Rep_B
API,Olark Chat,No,0,0.0,0,0.0,Email Link Clicked,Finance Management,Unemployed,Mumbai,No,Modified,0.20917282936410841,0,Rep_C
API,Olark Chat,No,0,0.0,0,0.0,Email Link Clicked,Finance Management,Unemployed,Mumbai,No,Modified,0.20917282936410841,0,Rep_D
API,Olark Chat,No,0,0.0,0,0.0,Email Opened,Finance Management,Unemployed,Mumbai,No,Email Opened,0.20913676526439695,0,Rep_B
API,Olark Chat,No,0,0.0,0,0.0,Email Opened,Finance Management,Unemployed,Mumbai,No,Email Opened,0.20913676526439695,0,Rep_C
API,Olark Chat,No,0,0.0,0,0.0,Email Opened,Finance Management,Unemployed,Mumbai,No,Email Opened,0.20913676526439695,0,Rep_D
API,Olark Chat,No,0,0.0,0,0.0,Email Opened,Finance Management,Unemployed,Mumbai,No,Email Opened,0.20913676526439695,0,Rep_B
API,Olark Chat,No,1,0.0,0,0.0,Email Opened,Finance Management,Unemployed,Mumbai,No,Email Opened,0.20913676526439695,1,Rep_C
API,Olark Chat,No,0,0.0,0,0.0,Email Opened,Finance Management,Unemployed,Mumbai,No,Email Opened,0.20913676526439695,0,Rep_D
API,Olark Chat,No,0,0.0,0,0.0,Email Opened,Finance Management,Unemployed,Mumbai,No,Email Opened,0.20913676526439695,0,Rep_B
API,Olark Chat,No,1,0.0,0,0.0,Email Opened,Finance Management,Unemployed,Mumbai,No,Email Opened,0.20913676526439695,1,Rep_C
API,Olark Chat,No,0,0.0,0,0.0,Email Opened,Finance Management,Unemployed,Mumbai,No,Email Opened,0.20913676526439695,0,Rep_D
API,Olark Chat,No,1,0.0,0,0.0,Email Opened,Finance Management,Unemployed,Mumbai,No,Email Opened,0.20913676526439695,1,Rep_B
API,Olark Chat,No,0,0.0,0,0.0,Email Opened,Finance Management,Unemployed,Mumbai,No,Email Opened,0.20913676526439695,0,Rep_C
API,Olark Chat,No,1,0.0,0,0.0,Email Opened,Finance Management,Unemployed,Mumbai,No,Email Opened,0.20913676526439695,1,Rep_D
API,Olark Chat,No,0,0.0,0,0.0,Email Opened,Finance Management,Unemployed,Mumbai,No,Email Opened,0.20913676526439695,0,Rep_B
API,Olark Chat,No,0,0.0,0,0.0,Email Opened,Finance Management,Unemployed,Mumbai,No,Email Opened,0.20913676526439695,0,Rep_C
API,Olark Chat,No,1,0.0,0,0.0,Email Opened,Finance Management,Unemployed,Mumbai,No,Email Opened,0.20913676526439695,1,Rep_D
API,Olark Chat,No,0,0.0,0,0.0,Email Opened,Finance Management,Unemployed,Mumbai,No,Email Opened,0.20913676526439695,0,Rep_B
API,Olark Chat,No,1,0.0,0,0.0,Email Opened,Finance Management,Unemployed,Mumbai,No,Email Opened,0.20913676526439695,1,Rep_C
API,Olark Chat,No,0,0.0,0,0.0,Email Opened,Finance Management,Unemployed,Mumbai,No,Email Opened,0.20913676526439695,0,Rep_D
API,Olark Chat,No,0,0.0,0,0.0,Email Opened,Finance Management,Unemployed,Mumbai,No,Email Opened,0.20913676526439695,0,Rep_B
API,Olark Chat,No,1,0.0,0,0.0,Email Opened,Finance Management,Unemployed,Mumbai,No,Email Opened,0.20913676526439695,1,Rep_C
API,Olark Chat,No,0,0.0,0,0.0,Email Opened,Finance Management,Unemployed,Mumbai,No,Email Opened,0.20913676526439695,0,Rep_D
API,Olark Chat,No,1,0.0,0,0.0,Email Opened,Finance Management,Unemployed,Mumbai,No,Email Opened,0.20913676526439695,1,Rep_B
API,Olark Chat,No,1,0.0,0,0.0,Email Opened,Finance Management,Unemployed,Mumbai,No,Email Opened,0.20913676526439695,1,Rep_C
API,Olark Chat,No,1,0.0,0,0.0,Email Opened,Finance Management,Unemployed,Mumbai,No,Email Opened,0.20913676526439695,1,Rep_D
API,Olark Chat,No,0,0.0,0,0.0,Email Opened,Finance Management,Unemployed,Mumbai,No,Email Opened,0.20913676526439695,0,Rep_B
API,Olark Chat,No,0,0.0,0,0.0,Email Opened,Finance Management,Unemployed,Mumbai,No,Email Opened,0.20913676526439695,0,Rep_C
API,Olark Chat,No,0,0.0,0,0.0,Email Opened,Finance Management,Unemployed,Mumbai,No,Email Opened,0.20913676526439695,0,Rep_D
API,Olark Chat,No,0,0.0,0,0.0,Email Opened,Finance Management,Unemployed,Mumbai,No,Email Opened,0.20913676526439695,0,Rep_B
API,Olark Chat,No,1,0.0,0,0.0,Email Opened,Finance Management,Unemployed,Mumbai,No,Email Opened,0.20913676526439695,1,Rep_C
API,Olark Chat,No,0,0.0,0,0.0,Email Opened,Finance Management,Unemployed,Mumbai,No,Email Opened,0.20913676526439695,0,Rep_D
API,Olark Chat,No,0,0.0,0,0.0,Email Opened,Finance Management,Unemployed,Mumbai,No,Email Opened,0.20913676526439695,0,Rep_B
API,Olark Chat,No,0,0.0,0,0.0,Email Opened,Finance Management,Unemployed,Mumbai,No,Email Opened,0.20913676526439695,0,Rep_C
API,Olark Chat,No,0,0.0,0,0.0,Email Opened,Finance Management,Unemployed,Mumbai,No,Email Opened,0.20913676526439695,0,Rep_D
API,Olark Chat,No,0,0.0,0,0.0,Email Opened,Finance Management,Unemployed,Mumbai,No,Email Opened,0.20913676526439695,0,Rep_B
API,Olark Chat,No,0,0.0,0,0.0,Email Opened,Finance Management,Unemployed,Mumbai,No,Email Opened,0.20913676526439695,0,Rep_C
API,Olark Chat,No,0,0.0,0,0.0,Email Opened,Finance Management,Unemployed,Mumbai,No,Email Opened,0.20913676526439695,0,Rep_D
API,Olark Chat,No,0,0.0,0,0.0,Email Opened,Finance Management,Unemployed,Mumbai,No,Email Opened,0.20913676526439695,0,Rep_B
API,Olark Chat,No,1,0.0,0,0.0,Email Opened,Finance Management,Unemployed,Mumbai,No,Email Opened,0.20913676526439695,1,Rep_C
API,Olark Chat,No,1,0.0,0,0.0,Email Opened,Finance Management,Unemployed,Mumbai,No,Email Opened,0.20913676526439695,1,Rep_D
API,Olark Chat,No,0,0.0,0,0.0,Email Opened,Finance Management,Unemployed,Mumbai,No,Email Opened,0.20913676526439695,0,Rep_B
API,Olark Chat,No,0,0.0,0,0.0,Email Opened,Finance Management,Unemployed,Mumbai,No,Email Opened,0.20913676526439695,0,Rep_C
API,Olark Chat,No,0,0.0,0,0.0,Email Opened,Finance Management,Unemployed,Mumbai,No,Email Opened,0.20913676526439695,0,Rep_D
API,Olark Chat,No,0,0.0,0,0.0,Email Opened,Finance Management,Unemployed,Mumbai,No,Email Opened,0.20913676526439695,0,Rep_B
API,Olark Chat,No,1,0.0,0,0.0,Email Opened,Finance Management,Unemployed,Mumbai,No,Email Opened,0.20913676526439695,1,Rep_C
API,Olark Chat,No,0,0.0,0,0.0,Email Opened,Finance Management,Unemployed,Mumbai,No,Email Opened,0.20913676526439695,0,Rep_D
API,Olark Chat,No,1,0.0,0,0.0,Email Opened,Finance Management,Unemployed,Mumbai,No,Email Opened,0.20913676526439695,1,Rep_B
API,Olark Chat,No,0,0.0,0,0.0,Email Opened,Finance Management,Unemployed,Mumbai,No,Email Opened,0.20913676526439695,0,Rep_C
API,Olark Chat,No,0,0.0,0,0.0,Email Opened,Finance Management,Unemployed,Mumbai,No,Email Opened,0.20913676526439695,0,Rep_D
API,Olark Chat,No,1,0.0,0,0.0,Email Opened,Finance Management,Unemployed,Mumbai,No,Email Opened,0.20913676526439695,1,Rep_B
API,Olark Chat,No,1,0.0,0,0.0,Email Opened,Finance Management,Unemployed,Mumbai,No,Email Opened,0.20913676526439695,1,Rep_C
API,Olark Chat,No,0,0.0,0,0.0,Email Opened,Finance Management,Unemployed,Mumbai,No,Email Opened,0.20913676526439695,0,Rep_D
API,Olark Chat,No,1,0.0,0,0.0,Email Opened,Finance Management,Unemployed,Mumbai,No,Email Opened,0.20913676526439695,1,Rep_B
API,Olark Chat,No,1,0.0,0,0.0,Email Opened,Finance Management,Unemployed,Mumbai,No,Email Opened,0.20913676526439695,1,Rep_C
API,Olark Chat,No,0,0.0,0,0.0,Email Opened,Finance Management,Unemployed,Mumbai,No,Email Opened,0.20913676526439695,0,Rep_D
API,Olark Chat,No,0,0.0,0,0.0,Email Opened,Finance Management,Unemployed,Mumbai,No,Email Opened,0.20913676526439695,0,Rep_B
API,Olark Chat,No,0,0.0,0,0.0,Email Opened,Finance Management,Unemployed,Mumbai,No,Email Opened,0.20913676526439695,0,Rep_C
API,Olark Chat,No,1,0.0,0,0.0,Email Opened,Finance Management,Unemployed,Mumbai,No,Email Opened,0.20913676526439695,1,Rep_D
API,Olark Chat,No,0,0.0,0,0.0,Email Opened,Finance Management,Unemployed,Mumbai,No,Email Opened,0.20913676526439695,0,Rep_B
API,Olark Chat,No,0,0.0,0,0.0,Email Opened,Finance Management,Unemployed,Mumbai,No,Email Opened,0.20913676526439695,0,Rep_C
API,Olark Chat,No,0,0.0,0,0.0,Email Opened,Finance Management,Unemployed,Mumbai,No,Email Opened,0.20913676526439695,0,Rep_D
API,Olark Chat,No,1,0.0,0,0.0,Email Opened,Finance Management,Unemployed,Mumbai,No,Email Opened,0.20913676526439695,1,Rep_B
API,Olark Chat,No,0,0.0,0,0.0,Email Opened,Finance Management,Unemployed,Mumbai,No,Email Opened,0.20913676526439695,0,Rep_C
API,Olark Chat,No,0,0.0,0,0.0,Email Opened,Finance Management,Unemployed,Mumbai,No,Email Opened,0.20913676526439695,0,Rep_D
API,Olark Chat,No,0,0.0,0,0.0,Email Opened,Finance Management,Unemployed,Mumbai,No,Email Opened,0.20913676526439695,0,Rep_B
API,Olark Chat,No,0,0.0,0,0.0,Email Opened,Finance Management,Unemployed,Mumbai,No,Email Opened,0.20913676526439695,0,Rep_C
API,Olark Chat,No,1,0.0,0,0.0,Email Opened,Finance Management,Unemployed,Mumbai,No,Email Opened,0.20913676526439695,1,Rep_D
API,Olark Chat,No,0,0.0,0,0.0,Email Opened,Finance Management,Unemployed,Mumbai,No,Email Opened,0.20913676526439695,0,Rep_B
API,Olark Chat,No,0,0.0,0,0.0,Email Opened,Finance Management,Unemployed,Mumbai,No,Email Opened,0.20913676526439695,0,Rep_C
API,Olark Chat,No,0,0.0,0,0.0,Email Opened,Finance Management,Unemployed,Mumbai,No,Email Opened,0.20913676526439695,0,Rep_D
API,Organic Search,No,0,1.0,100,1.0,Converted to Lead,Finance Management,Unemployed,Mumbai,No,Modified,0.208745527350137,0,Rep_B
API,Google,No,0,3.0,312,1.0,Email Opened,Finance Management,Unemployed,Mumbai,No,Email Opened,0.2084261912134103,0,Rep_C
Landing Page Submission,Organic Search,No,0,7.0,52,7.0,Email Opened,Human Resource Management,Unemployed,Mumbai,No,Email Opened,0.20837527610445453,0,Rep_D
API,Olark Chat,No,0,3.0,101,1.5,Email Opened,Finance Management,Unemployed,Mumbai,No,Email Opened,0.20815527299627568,0,Rep_B
Landing Page Submission,Direct Traffic,No,0,2.0,362,2.0,Email Opened,IT Projects Management,Unemployed,Mumbai,Yes,Email Opened,0.20716335383014045,0,Rep_C
Landing Page Submission,Google,No,0,6.0,351,6.0,Email Opened,E-COMMERCE,Unemployed,Other Cities of Maharashtra,Yes,Modified,0.2070114285026864,0,Rep_D
Landing Page Submission,Google,No,0,6.0,307,6.0,Email Opened,Human Resource Management,Unemployed,Mumbai,No,Email Opened,0.2069505975723418,0,Rep_B
API,Google,No,0,2.0,14,2.0,Page Visited on Website,Finance Management,Unemployed,Mumbai,No,Modified,0.20642046837119235,0,Rep_C
Landing Page Submission,Direct Traffic,No,0,5.0,203,5.0,Page Visited on Website,Marketing Management,Unemployed,Mumbai,Yes,Modified,0.20615636622026667,0,Rep_D
Landing Page Submission,Google,No,0,6.0,49,2.0,Email Opened,Operations Management,Unemployed,Mumbai,Yes,Modified,0.20612619577803407,0,Rep_B
API,Google,No,0,2.0,393,2.0,Email Opened,Finance Management,Unemployed,Mumbai,No,Email Opened,0.2055554011022154,0,Rep_C
API,Organic Search,No,0,3.0,241,3.0,Converted to Lead,Finance Management,Unemployed,Mumbai,No,Modified,0.20506604205912,0,Rep_D
API,Google,No,0,4.0,46,2.0,Olark Chat Conversation,Finance Management,Unemployed,Mumbai,No,Modified,0.20358239339915243,0,Rep_B
API,Organic Search,No,0,5.0,442,5.0,Email Link Clicked,Finance Management,Unemployed,Mumbai,No,Email Link Clicked,0.20312967779146632,0,Rep_C
Landing Page Submission,Organic Search,No,0,6.0,135,6.0,Email Opened,Supply Chain Management,Unemployed,Mumbai,Yes,Email Opened,0.2015974126285254,0,Rep_D
Landing Page Submission,Direct Traffic,Yes,0,2.0,576,2.0,SMS Sent,Marketing Management,Unemployed,Mumbai,Yes,Modified,0.2015943683815129,0,Rep_B
API,Organic Search,No,0,6.0,100,3.0,Email Opened,Finance Management,Unemployed,Mumbai,No,Email Opened,0.20137147604302905,0,Rep_C
Landing Page Submission,Direct Traffic,No,0,3.0,333,3.0,Converted to Lead,Marketing Management,Unemployed,Mumbai,No,Modified,0.2011795903097579,0,Rep_D
API,Organic Search,No,0,7.0,133,3.5,Email Opened,Finance Management,Unemployed,Mumbai,No,Email Opened,0.20084183745058268,0,Rep_B
Landing Page Submission,Google,No,0,3.0,49,3.0,Email Opened,Rural and Agribusiness,Unemployed,Mumbai,No,Email Opened,0.20061182775621136,0,Rep_C
Landing Page Submission,Direct Traffic,No,0,6.0,252,6.0,Page Visited on Website,Travel and Tourism,Unemployed,Mumbai,Yes,Modified,0.2005516282788085,0,Rep_D
Landing Page Submission,Direct Traffic,No,1,4.0,913,4.0,Email Opened,E-Business,Student,Other Metro Cities,Yes,Email Opened,0.20034935819794675,1,Rep_B
Landing Page Submission,Organic Search,No,0,6.0,87,6.0,Email Opened,Operations Management,Unemployed,Other Cities of Maharashtra,Yes,Email Opened,0.19898289515621276,0,Rep_C
API,Google,No,0,2.0,371,2.0,Email Opened,Finance Management,Unemployed,Mumbai,No,Email Opened,0.19855871660771615,0,Rep_D
API,Google,No,0,2.0,42,2.0,Olark Chat Conversation,Finance Management,Unemployed,Mumbai,No,Modified,0.1979852019124759,0,Rep_B
API,Google,No,0,2.0,369,2.0,Email Opened,Finance Management,Unemployed,Mumbai,No,Email Opened,0.19793162232803865,0,Rep_C
API,Organic Search,No,0,7.0,14,3.5,Email Opened,Finance Management,Unemployed,Mumbai,No,Modified,0.1977351597526479,0,Rep_D
API,Organic Search,No,0,2.0,30,2.0,Email Opened,Finance Management,Unemployed,Mumbai,No,Email Opened,0.19686046480182243,0,Rep_B
API,Direct Traffic,No,0,2.0,205,2.0,Olark Chat Conversation,Finance Management,Unemployed,Mumbai,No,Modified,0.19649021500572175,0,Rep_C
API,Organic Search,Yes,0,10.0,371,3.33,Page Visited on Website,Finance Management,Unemployed,Mumbai,No,Page Visited on Website,0.1958439718344088,0,Rep_D
API,Google,No,0,2.0,362,2.0,Email Link Clicked,Finance Management,Unemployed,Mumbai,No,Modified,0.1957828729405067,0,Rep_B
Landing Page Submission,Direct Traffic,No,0,2.0,270,2.0,Email Opened,Marketing Management,Unemployed,Other Cities of Maharashtra,Yes,Email Opened,0.19326650289848174,0,Rep_C
Landing Page Submission,Direct Traffic,No,0,4.0,301,2.0,Email Opened,Marketing Management,Unemployed,Mumbai,Yes,Email Opened,0.19309609531437819,0,Rep_D
Landing Page Submission,Direct Traffic,No,0,1.0,161,1.0,Converted to Lead,Finance Management,Unemployed,Mumbai,No,Modified,0.19247991385164315,0,Rep_B
API,Olark Chat,No,0,0.0,0,0.0,Email Bounced,Finance Management,Unemployed,Mumbai,No,Modified,0.19194051977603377,0,Rep_C
Landing Page Submission,Direct Traffic,No,0,2.0,262,2.0,Email Opened,Operations Management,Unemployed,Other Cities of Maharashtra,Yes,Email Opened,0.1916585930837095,0,Rep_D
Landing Page Submission,Organic Search,No,0,11.0,30,5.5,Email Opened,Retail Management,Unemployed,Mumbai,Yes,Email Opened,0.19119594231688464,0,Rep_B
Landing Page Submission,Direct Traffic,No,0,2.0,253,2.0,Email Opened,Business Administration,Unemployed,Other Metro Cities,Yes,Email Opened,0.19118914726199326,0,Rep_C
API,Google,No,1,2.0,28,2.0,Email Link Clicked,Hospitality Management,Working Professional,Mumbai,No,Email Link Clicked,0.1910354854062007,1,Rep_D
Landing Page Submission,Direct Traffic,No,0,2.0,310,2.0,Email Opened,IT Projects Management,Unemployed,Mumbai,Yes,Email Opened,0.1908202063685282,0,Rep_B
Landing Page Submission,Google,No,0,3.0,4,3.0,Email Opened,Finance Management,Unemployed,Other Cities,No,Email Opened,0.1894164066603741,0,Rep_C
Landing Page Submission,Google,No,0,4.0,101,4.0,Email Opened,Finance Management,Unemployed,Mumbai,No,Email Opened,0.1888712947291665,0,Rep_D
API,Google,No,0,2.0,11,2.0,Olark Chat Conversation,Finance Management,Unemployed,Mumbai,No,Modified,0.18845383981177696,0,Rep_B
API,Organic Search,No,0,2.0,111,2.0,Converted to Lead,Finance Management,Unemployed,Mumbai,No,Modified,0.18830060755490327,0,Rep_C
Landing Page Submission,Organic Search,Yes,0,5.0,71,5.0,SMS Sent,Supply Chain Management,Unemployed,Other Metro Cities,Yes,SMS Sent,0.18770232205174986,0,Rep_D
Landing Page Submission,Direct Traffic,No,0,2.0,158,2.0,Email Opened,Rural and Agribusiness,Unemployed,Other Cities,Yes,Modified,0.18719649233048014,0,Rep_B
Landing Page Submission,Direct Traffic,No,0,2.0,81,2.0,Form Submitted on Website,Human Resource Management,Unemployed,Mumbai,Yes,Modified,0.18712364816685464,0,Rep_C
Landing Page Submission,Organic Search,No,0,8.0,226,8.0,Email Opened,IT Projects Management,Unemployed,Other Cities,Yes,Email Opened,0.1862561289854617,0,Rep_D
API,Google,No,0,2.0,327,2.0,Email Opened,Finance Management,Unemployed,Mumbai,No,Email Opened,0.18510663010231834,0,Rep_B
Landing Page Submission,Direct Traffic,No,0,1.0,136,1.0,Converted to Lead,Finance Management,Unemployed,Mumbai,No,Modified,0.1849304881419728,0,Rep_C
API,Google,No,0,2.0,217,2.0,Email Opened,Finance Management,Unemployed,Mumbai,No,Modified,0.18484809823595522,0,Rep_D
Landing Page Submission,Google,No,1,4.0,25,4.0,Email Opened,Operations Management,Unemployed,Other Cities of Maharashtra,No,Email Opened,0.18297744903447402,1,Rep_B
API,Google,No,0,5.0,220,5.0,Olark Chat Conversation,Finance Management,Unemployed,Mumbai,No,Modified,0.1826262413713394,0,Rep_C
Landing Page Submission,Direct Traffic,No,0,1.0,303,1.0,Converted to Lead,Supply Chain Management,Unemployed,Mumbai,Yes,Modified,0.18222973636180934,0,Rep_D
API,Google,No,0,1.0,349,1.0,Converted to Lead,Finance Management,Unemployed,Mumbai,No,Modified,0.18193612257850367,0,Rep_B
Landing Page Submission,Google,No,0,6.0,212,6.0,Email Opened,Retail Management,Unemployed,Mumbai,No,Email Opened,0.18027238169288468,0,Rep_C
Landing Page Submission,Direct Traffic,No,0,2.0,87,2.0,Email Link Clicked,Finance Management,Unemployed,Mumbai,No,Modified,0.18017261371617863,0,Rep_D
API,Organic Search,No,0,4.0,127,4.0,Email Opened,Finance Management,Unemployed,Mumbai,No,Email Opened,0.1801613173357264,0,Rep_B
Landing Page Submission,Organic Search,No,0,8.0,106,8.0,Email Opened,Travel and Tourism,Unemployed,Mumbai,Yes,Modified,0.18003330904854598,0,Rep_C
Landing Page Submission,Direct Traffic,No,0,2.0,201,2.0,Email Opened,Marketing Management,Unemployed,Other Metro Cities,Yes,Email Opened,0.17939967975353413,0,Rep_D
API,Google,No,0,1.0,339,1.0,Converted to Lead,Finance Management,Unemployed,Mumbai,No,Modified,0.1790184626986245,0,Rep_B
Landing Page Submission,Direct Traffic,No,0,6.0,195,6.0,Page Visited on Website,Finance Management,Unemployed,Mumbai,Yes,Modified,0.17790193310542432,0,Rep_C
Landing Page Submission,Direct Traffic,No,0,1.0,111,1.0,Converted to Lead,Finance Management,Unemployed,Mumbai,No,Modified,0.1776120381043458,0,Rep_D
Landing Page Submission,Direct Traffic,No,0,2.0,269,2.0,Email Opened,Healthcare Management,Unemployed,Mumbai,Yes,Email Opened,0.17744951711272605,0,Rep_B
Landing Page Submission,Direct Traffic,No,0,3.0,505,3.0,Email Link Clicked,Human Resource Management,Unemployed,Mumbai,Yes,Email Link Clicked,0.17715792270754468,0,Rep_C
Landing Page Submission,Google,No,0,9.0,278,9.0,Email Opened,Marketing Management,Unemployed,Other Cities of Maharashtra,No,Modified,0.1767098611138067,0,Rep_D
Landing Page Submission,Direct Traffic,No,0,1.0,300,1.0,Converted to Lead,Finance Management,Unemployed,Mumbai,Yes,Modified,0.17655751779636533,0,Rep_B
Landing Page Submission,Google,No,0,5.0,104,5.0,Email Opened,International Business,Unemployed,Other Cities,No,Email Opened,0.1760240963901145,0,Rep_C
Landing Page Submission,Direct Traffic,No,0,18.0,488,6.0,Email Opened,Finance Management,Unemployed,Mumbai,Yes,Email Opened,0.17600951722212113,0,Rep_D
API,Organic Search,Yes,0,11.0,251,1.83,Olark Chat Conversation,Finance Management,Unemployed,Mumbai,No,Olark Chat Conversation,0.17488685253831665,0,Rep_B
API,Google,No,0,1.0,322,1.0,Converted to Lead,Finance Management,Unemployed,Mumbai,No,Modified,0.1741426289243736,0,Rep_C
Landing Page Submission,Direct Traffic,No,0,2.0,253,2.0,Email Opened,IT Projects Management,Unemployed,Mumbai,Yes,Email Opened,0.17405845196983954,0,Rep_D
Landing Page Submission,Direct Traffic,No,0,3.0,300,3.0,Email Opened,Operations Management,Unemployed,Other Cities,Yes,Email Opened,0.17375976678998656,0,Rep_B
API,Google,No,0,6.0,481,6.0,Email Opened,Finance Management,Unemployed,Mumbai,No,Modified,0.1730455094319491,0,Rep_C
API,Google,No,0,1.0,316,1.0,Converted to Lead,Finance Management,Unemployed,Mumbai,No,Modified,0.17244695056092343,0,Rep_D
Landing Page Submission,Direct Traffic,No,0,1.0,526,1.0,Converted to Lead,Finance Management,Student,Other Cities of Maharashtra,No,Modified,0.17212549419491502,0,Rep_B
Landing Page Submission,Direct Traffic,No,0,4.0,241,2.0,Email Opened,Business Administration,Unemployed,Mumbai,Yes,Email Opened,0.17181193439460607,0,Rep_C
API,Olark Chat,Yes,0,0.0,0,0.0,SMS Sent,Finance Management,Unemployed,Mumbai,No,SMS Sent,0.17126379965907418,0,Rep_D
API,Olark Chat,Yes,0,0.0,0,0.0,SMS Sent,Finance Management,Unemployed,Mumbai,No,SMS Sent,0.17126379965907418,0,Rep_B
API,Olark Chat,Yes,1,0.0,0,0.0,SMS Sent,Finance Management,Unemployed,Mumbai,No,SMS Sent,0.17126379965907418,1,Rep_C
API,Olark Chat,No,0,0.0,0,0.0,Olark Chat Conversation,Finance Management,Student,Mumbai,No,Olark Chat Conversation,0.17124339344479036,0,Rep_D
API,Olark Chat,No,0,0.0,0,0.0,Olark Chat Conversation,Finance Management,Student,Mumbai,No,Olark Chat Conversation,0.17124339344479036,0,Rep_B
Landing Page Submission,Direct Traffic,No,0,7.0,522,7.0,Email Opened,Supply Chain Management,Unemployed,Thane & Outskirts,Yes,Email Opened,0.1711227180565514,0,Rep_C
Landing Page Submission,Direct Traffic,Yes,0,1.0,832,1.0,Email Bounced,IT Projects Management,Unemployed,Tier II Cities,Yes,Modified,0.17097672951411283,0,Rep_D
API,Direct Traffic,No,1,8.0,568,4.0,Email Opened,Finance Management,Unemployed,Mumbai,No,Email Opened,0.1701890969893519,1,Rep_B
API,Organic Search,No,0,3.0,124,3.0,Converted to Lead,Finance Management,Unemployed,Mumbai,No,Modified,0.16998525935216072,0,Rep_C
Landing Page Submission,Direct Traffic,No,0,5.0,472,5.0,Email Opened,Finance Management,Unemployed,Mumbai,Yes,Email Opened,0.16982832516863283,0,Rep_D
Landing Page Submission,Direct Traffic,No,0,2.0,170,2.0,Email Opened,IT Projects Management,Unemployed,Other Metro Cities,Yes,Email Opened,0.1698050761929048,0,Rep_B
Landing Page Submission,Direct Traffic,No,0,4.0,289,4.0,Email Opened,Business Administration,Unemployed,Mumbai,Yes,Modified,0.16932294365690384,0,Rep_C
API,Google,No,0,2.0,189,1.0,Email Opened,Finance Management,Unemployed,Mumbai,No,Email Opened,0.16930306490302968,0,Rep_D
Landing Page Submission,Direct Traffic,No,0,3.0,477,3.0,Email Link Clicked,Human Resource Management,Unemployed,Mumbai,Yes,Email Link Clicked,0.1692491452773073,0,Rep_B
API,Google,No,0,4.0,97,4.0,Olark Chat Conversation,Finance Management,Unemployed,Mumbai,No,Modified,0.16924192685397596,0,Rep_C
API,Google,No,0,1.0,300,1.0,Converted to Lead,Finance Management,Unemployed,Mumbai,No,Modified,0.16798907781607716,0,Rep_D
API,Direct Traffic,No,0,2.0,79,2.0,Olark Chat Conversation,Finance Management,Unemployed,Mumbai,No,Olark Chat Conversation,0.16754663809615258,0,Rep_B
Landing Page Submission,Google,No,0,4.0,22,4.0,Email Opened,Human Resource Management,Unemployed,Mumbai,No,Email Opened,0.16727705087936356,0,Rep_C
API,Organic Search,No,0,5.0,47,5.0,Email Opened,Finance Management,Unemployed,Mumbai,No,Modified,0.16685599312601976,0,Rep_D
Landing Page Submission,Direct Traffic,No,0,1.0,247,1.0,Converted to Lead,Travel and Tourism,Unemployed,Mumbai,Yes,Modified,0.1667183331514074,0,Rep_B
API,Google,No,0,3.0,213,1.5,Email Link Clicked,Finance Management,Unemployed,Mumbai,No,Modified,0.16639330511351788,0,Rep_C
Landing Page Submission,Google,No,0,5.0,80,5.0,Email Opened,Business Administration,Unemployed,Other Cities,No,Email Opened,0.16622674024048248,0,Rep_D
Landing Page Submission,Direct Traffic,No,0,2.0,148,2.0,Email Opened,Operations Management,Unemployed,Other Metro Cities,Yes,Email Opened,0.16526878096938746,0,Rep_B
API,Google,No,0,6.0,310,3.0,Email Opened,Finance Management,Unemployed,Mumbai,No,Email Opened,0.16445316547588243,0,Rep_C
Landing Page Submission,Google,No,1,3.0,473,1.5,Email Opened,Rural and Agribusiness,Student,Mumbai,Yes,Email Opened,0.16432582570386478,1,Rep_D
Landing Page Submission,Direct Traffic,No,0,3.0,126,1.5,Email Opened,Hospitality Management,Unemployed,Other Cities of Maharashtra,Yes,Email Opened,0.16403922721189573,0,Rep_B
API,Olark Chat,No,0,0.0,0,0.0,Olark Chat Conversation,Finance Management,Student,Mumbai,No,Modified,0.1637398460381364,0,Rep_C
API,Olark Chat,No,0,0.0,0,0.0,Olark Chat Conversation,Finance Management,Student,Mumbai,No,Modified,0.1637398460381364,0,Rep_D
API,Google,No,1,4.0,357,4.0,Email Opened,Finance Management,Unemployed,Other Cities of Maharashtra,No,Email Opened,0.16324498565470838,1,Rep_B
API,Google,No,0,3.0,88,1.5,Email Opened,Finance Management,Unemployed,Mumbai,No,Modified,0.1620666837684689,0,Rep_C
Landing Page Submission,Direct Traffic,No,0,4.0,190,2.0,Email Opened,Marketing Management,Unemployed,Mumbai,Yes,Email Opened,0.16124614253244265,0,Rep_D
Landing Page Submission,Google,No,0,5.0,73,5.0,Email Opened,IT Projects Management,Unemployed,Mumbai,No,Email Opened,0.1608373837942328,0,Rep_B
Landing Page Submission,Google,No,0,5.0,70,5.0,Email Opened,Marketing Management,Unemployed,Mumbai,No,Email Opened,0.1607723222406639,0,Rep_C
API,Olark Chat,No,0,0.0,0,0.0,Email Link Clicked,Finance Management,Unemployed,Mumbai,No,Email Link Clicked,0.16072545070869507,0,Rep_D
API,Olark Chat,No,0,0.0,0,0.0,Email Link Clicked,Finance Management,Unemployed,Mumbai,No,Email Link Clicked,0.16072545070869507,0,Rep_B
API,Olark Chat,No,0,0.0,0,0.0,Email Link Clicked,Finance Management,Unemployed,Mumbai,No,Email Link Clicked,0.16072545070869507,0,Rep_C
API,Olark Chat,No,0,0.0,0,0.0,Email Link Clicked,Finance Management,Unemployed,Mumbai,No,Email Link Clicked,0.16072545070869507,0,Rep_D
API,Olark Chat,No,0,0.0,0,0.0,Email Link Clicked,Finance Management,Unemployed,Mumbai,No,Email Link Clicked,0.16072545070869507,0,Rep_B
API,Olark Chat,No,0,0.0,0,0.0,Email Link Clicked,Finance Management,Unemployed,Mumbai,No,Email Link Clicked,0.16072545070869507,0,Rep_C
API,Google,No,0,4.0,225,2.0,Email Opened,Finance Management,Unemployed,Mumbai,No,Email Opened,0.1602527732520464,0,Rep_D
Landing Page Submission,Direct Traffic,No,0,4.0,3,4.0,Olark Chat Conversation,International Business,Unemployed,Other Cities,Yes,Modified,0.16001265472670215,0,Rep_B
Landing Page Submission,Direct Traffic,No,1,5.0,398,5.0,Email Opened,Rural and Agribusiness,Unemployed,Other Cities,Yes,Email Opened,0.15962446581032974,1,Rep_C
Landing Page Submission,Direct Traffic,No,0,5.0,290,1.67,Email Link Clicked,Marketing Management,Unemployed,Other Cities,Yes,Email Link Clicked,0.1594592118422778,0,Rep_D
Landing Page Submission,Direct Traffic,No,0,2.0,96,2.0,Email Opened,Finance Management,Unemployed,Mumbai,Yes,Modified,0.15943526141976158,0,Rep_B
API,Organic Search,No,0,3.0,85,3.0,Converted to Lead,Finance Management,Unemployed,Mumbai,No,Modified,0.15940435375031456,0,Rep_C
Landing Page Submission,Google,Yes,0,4.0,231,4.0,SMS Sent,Finance Management,Unemployed,Mumbai,No,Modified,0.15939285506604606,0,Rep_D
Landing Page Submission,Direct Traffic,No,0,2.0,142,2.0,Email Opened,Supply Chain Management,Unemployed,Other Cities of Maharashtra,Yes,Email Opened,0.15907591596130313,0,Rep_B
Landing Page Submission,Direct Traffic,No,0,9.0,165,4.5,Email Opened,Human Resource Management,Unemployed,Mumbai,No,Email Opened,0.1586431636096879,0,Rep_C
API,Google,No,0,1.0,263,1.0,Converted to Lead,Finance Management,Unemployed,Mumbai,No,Modified,0.15803310629773346,0,Rep_D
Landing Page Submission,Direct Traffic,No,0,4.0,266,4.0,Email Opened,Supply Chain Management,Unemployed,Other Metro Cities,Yes,Email Opened,0.15756480356939792,0,Rep_B
Landing Page Submission,Direct Traffic,No,0,2.0,91,2.0,Email Opened,Supply Chain Management,Unemployed,Thane & Outskirts,Yes,Email Opened,0.15756091718482185,0,Rep_C
Landing Page Submission,Direct Traffic,No,0,3.0,271,3.0,Email Opened,Hospitality Management,Unemployed,Mumbai,Yes,Email Opened,0.1574471349621539,0,Rep_D
Landing Page Submission,Google,No,0,5.0,37,2.5,Email Opened,International Business,Unemployed,Mumbai,Yes,Email Opened,0.155653610329571,0,Rep_B
API,Direct Traffic,No,1,5.0,306,1.25,Email Opened,Finance Management,Unemployed,Mumbai,No,Email Opened,0.15561558021232144,1,Rep_C
API,Google,No,0,1.0,249,1.0,Converted to Lead,Finance Management,Unemployed,Mumbai,No,Modified,0.15439294732906778,0,Rep_D
Landing Page Submission,Direct Traffic,No,0,8.0,305,4.0,Email Opened,Human Resource Management,Unemployed,Mumbai,Yes,Email Opened,0.15396163545671224,0,Rep_B
Landing Page Submission,Direct Traffic,No,0,2.0,181,2.0,Email Opened,Healthcare Management,Unemployed,Mumbai,Yes,Email Opened,0.15351158766642112,0,Rep_C
Landing Page Submission,Direct Traffic,No,0,5.0,387,5.0,Email Opened,Finance Management,Unemployed,Other Cities,Yes,Email Opened,0.15317614185595782,0,Rep_D
Landing Page Submission,Direct Traffic,Yes,0,2.0,929,2.0,Email Bounced,Marketing Management,Unemployed,Other Cities,Yes,Modified,0.1530734798831154,0,Rep_B
API,Google,No,0,1.0,243,1.0,Converted to Lead,Finance Management,Unemployed,Mumbai,No,Modified,0.152853984006786,0,Rep_C
Landing Page Submission,Direct Traffic,No,0,5.0,216,5.0,Email Opened,E-COMMERCE,Unemployed,Mumbai,No,Email Opened,0.1525814313881976,0,Rep_D
API,Google,No,0,3.0,51,1.5,Email Opened,Finance Management,Unemployed,Mumbai,No,Modified,0.1523974156699274,0,Rep_B
Landing Page Submission,Direct Traffic,Yes,1,1.0,869,1.0,Email Bounced,Marketing Management,Unemployed,Mumbai,Yes,Modified,0.15143503613050222,1,Rep_C
Landing Page Submission,Google,No,0,4.0,324,4.0,Email Opened,Marketing Management,Student,Mumbai,No,Modified,0.15035831065201946,0,Rep_D
Landing Page Submission,Direct Traffic,No,1,2.0,172,2.0,Email Opened,Business Administration,Unemployed,Mumbai,Yes,Email Opened,0.14982852902380933,1,Rep_B
API,Organic Search,Yes,0,3.0,718,3.0,Email Bounced,Finance Management,Unemployed,Mumbai,No,Modified,0.1497879420836141,0,Rep_C
Landing Page Submission,Direct Traffic,No,0,2.0,71,2.0,Email Opened,IT Projects Management,Unemployed,Thane & Outskirts,Yes,Email Opened,0.14960699522621707,0,Rep_D
Landing Page Submission,Direct Traffic,No,0,2.0,306,2.0,Email Link Clicked,Finance Management,Unemployed,Other Cities,Yes,Email Link Clicked,0.14911783553136862,0,Rep_B
Landing Page Submission,Direct Traffic,No,0,2.0,95,2.0,Email Opened,Healthcare Management,Unemployed,Other Metro Cities,Yes,Email Opened,0.14891769732886886,0,Rep_C
Landing Page Submission,Direct Traffic,Yes,0,2.0,180,2.0,SMS Sent,Business Administration,Unemployed,Tier II Cities,Yes,SMS Sent,0.14885236863120838,0,Rep_D
Landing Page Submission,Direct Traffic,No,0,2.0,64,2.0,Email Opened,Marketing Management,Unemployed,Thane & Outskirts,Yes,Email Opened,0.14854487873619363,0,Rep_B
Landing Page Submission,Direct Traffic,No,0,4.0,29,2.0,Email Opened,Supply Chain Management,Unemployed,Thane & Outskirts,Yes,Email Opened,0.14531801930447516,0,Rep_C
Landing Page Submission,Google,No,0,6.0,71,6.0,Email Opened,Finance Management,Unemployed,Other Cities,No,Email Opened,0.14523228325883109,0,Rep_D
API,Google,No,0,2.0,287,2.0,Converted to Lead,Finance Management,Unemployed,Mumbai,No,Modified,0.14481287793647502,0,Rep_B
API,Google,No,0,3.0,52,3.0,Email Opened,Finance Management,Unemployed,Thane & Outskirts,No,Modified,0.14416185693719444,0,Rep_C
Landing Page Submission,Organic Search,Yes,0,2.0,374,2.0,Email Bounced,Healthcare Management,Unemployed,Other Cities of Maharashtra,Yes,Modified,0.14411326585768144,0,Rep_D
API,Google,No,0,2.0,91,1.0,Email Opened,Finance Management,Unemployed,Mumbai,No,Email Opened,0.14382244020299345,0,Rep_B
API,Google,No,0,1.0,205,1.0,Converted to Lead,Finance Management,Unemployed,Mumbai,No,Modified,0.14339765893564063,0,Rep_C
API,Google,No,0,2.0,279,2.0,Converted to Lead,Finance Management,Unemployed,Mumbai,No,Modified,0.14286939511778238,0,Rep_D
Landing Page Submission,Organic Search,Yes,0,10.0,155,5.0,Page Visited on Website,Travel and Tourism,Unemployed,Mumbai,Yes,Modified,0.14266754457748304,0,Rep_B
Landing Page Submission,Direct Traffic,Yes,0,2.0,131,2.0,SMS Sent,Travel and Tourism,Unemployed,Tier II Cities,Yes,SMS Sent,0.14224045027338666,0,Rep_C
Landing Page Submission,Direct Traffic,No,0,6.0,95,2.0,Email Opened,Marketing Management,Unemployed,Mumbai,Yes,Email Opened,0.1407106914353029,0,Rep_D
API,Organic Search,No,0,11.0,220,11.0,Page Visited on Website,Operations Management,Unemployed,Thane & Outskirts,Yes,Modified,0.14055167628210785,0,Rep_B
API,Google,No,0,3.0,235,3.0,Email Opened,Finance Management,Unemployed,Mumbai,No,Email Opened,0.14016754880843701,0,Rep_C
API,Google,No,0,2.0,75,1.0,Email Opened,Finance Management,Unemployed,Mumbai,No,Email Opened,0.13997936711476344,0,Rep_D
API,Google,No,0,2.0,157,2.0,Email Opened,Finance Management,Unemployed,Mumbai,No,Email Opened,0.1397362144941511,0,Rep_B
Landing Page Submission,Direct Traffic,No,0,4.0,204,4.0,Email Opened,International Business,Unemployed,Other Metro Cities,Yes,Email Opened,0.13969896334229254,0,Rep_C
Landing Page Submission,Organic Search,Yes,0,5.0,623,5.0,Email Bounced,International Business,Unemployed,Mumbai,Yes,Modified,0.13948626148801324,0,Rep_D
API,Organic Search,No,0,5.0,45,5.0,Email Opened,Finance Management,Unemployed,Mumbai,No,Email Opened,0.13856001218008754,0,Rep_B
Landing Page Submission,Direct Traffic,No,0,6.0,211,6.0,Email Opened,Finance Management,Unemployed,Other Cities,No,Email Opened,0.1385591383198778,0,Rep_C
Landing Page Submission,Direct Traffic,No,0,4.0,119,4.0,Email Opened,E-Business,Unemployed,Other Cities of Maharashtra,Yes,Modified,0.13778206766284892,0,Rep_D
Landing Page Submission,Direct Traffic,No,0,7.0,94,3.5,Email Opened,Human Resource Management,Unemployed,Mumbai,Yes,Modified,0.13747495072384033,0,Rep_B
Landing Page Submission,Direct Traffic,Yes,0,2.0,141,2.0,SMS Sent,"Banking, Investment And Insurance",Unemployed,Other Cities,No,Modified,0.13741057760220027,0,Rep_C
Landing Page Submission,Direct Traffic,No,0,3.0,159,3.0,Email Opened,Marketing Management,Unemployed,Other Cities,Yes,Email Opened,0.1367208118545241,0,Rep_D
Landing Page Submission,Direct Traffic,No,0,6.0,353,6.0,Email Opened,E-Business,Unemployed,Other Metro Cities,Yes,Email Opened,0.13664258980349975,0,Rep_B
API,Google,Yes,0,2.0,104,2.0,Unsubscribed,Finance Management,Unemployed,Mumbai,No,Unsubscribed,0.13635597089843587,0,Rep_C
Landing Page Submission,Direct Traffic,No,0,6.0,322,3.0,Email Link Clicked,Marketing Management,Unemployed,Mumbai,Yes,Email Link Clicked,0.13609795805304478,0,Rep_D
API,Google,No,0,2.0,138,2.0,Email Opened,Finance Management,Unemployed,Mumbai,No,Email Opened,0.13529115153476548,0,Rep_B
API,Olark Chat,Yes,0,0.0,0,0.0,Email Bounced,Marketing Management,Working Professional,Other Cities,No,Modified,0.13465235402856465,0,Rep_C
API,Google,No,0,2.0,134,2.0,Email Opened,Finance Management,Unemployed,Mumbai,No,Email Opened,0.13437068511585123,0,Rep_D
Landing Page Submission,Direct Traffic,No,0,2.0,109,2.0,Email Opened,"Banking, Investment And Insurance",Unemployed,Mumbai,Yes,Email Opened,0.13436027035720247,0,Rep_B
API,Google,No,0,3.0,208,3.0,Email Opened,Finance Management,Unemployed,Mumbai,No,Email Opened,0.1338704787954262,0,Rep_C
API,Direct Traffic,No,0,2.0,295,2.0,Email Opened,Finance Management,Unemployed,Mumbai,No,Email Opened,0.13282114164784325,0,Rep_D
Landing Page Submission,Direct Traffic,Yes,0,1.0,799,1.0,Email Bounced,Finance Management,Unemployed,Mumbai,Yes,Modified,0.13264337632827375,0,Rep_B
Landing Page Submission,Direct Traffic,No,0,9.0,577,9.0,Email Opened,IT Projects Management,Unemployed,Other Cities of Maharashtra,Yes,Email Opened,0.13230304466701973,0,Rep_C
Landing Page Submission,Direct Traffic,No,1,3.0,89,3.0,Email Opened,Operations Management,Unemployed,Other Metro Cities,Yes,Email Opened,0.1316770126201521,1,Rep_D
Landing Page Submission,Google,Yes,0,5.0,78,5.0,SMS Sent,IT Projects Management,Unemployed,Mumbai,No,SMS Sent,0.13139191639776654,0,Rep_B
Landing Page Submission,Direct Traffic,No,0,10.0,122,10.0,Page Visited on Website,Hospitality Management,Unemployed,Mumbai,No,Modified,0.13121390596761268,0,Rep_C
Landing Page Submission,Direct Traffic,No,0,7.0,219,2.33,Email Link Clicked,Human Resource Management,Unemployed,Other Cities,Yes,Email Link Clicked,0.13106474752350988,0,Rep_D
API,Google,No,0,1.0,151,1.0,Converted to Lead,Finance Management,Unemployed,Mumbai,No,Modified,0.13080299355209418,0,Rep_B
Landing Page Submission,Direct Traffic,No,0,3.0,73,3.0,Email Opened,E-COMMERCE,Unemployed,Thane & Outskirts,Yes,Email Opened,0.1303783567751588,0,Rep_C
Landing Page Submission,Direct Traffic,No,0,2.0,68,2.0,Email Opened,Travel and Tourism,Unemployed,Mumbai,Yes,Email Opened,0.1303782146209101,0,Rep_D
API,Google,No,0,1.0,147,1.0,Converted to Lead,Finance Management,Unemployed,Mumbai,No,Modified,0.1299084752686335,0,Rep_B
Landing Page Submission,Direct Traffic,No,0,4.0,54,4.0,Email Opened,Human Resource Management,Unemployed,Other Metro Cities,Yes,Modified,0.12967324505655617,0,Rep_C
API,Direct Traffic,No,0,7.0,60,7.0,SMS Sent,Finance Management,Unemployed,Mumbai,No,SMS Sent,0.12920878156846302,0,Rep_D
Landing Page Submission,Direct Traffic,No,0,2.0,80,2.0,Email Opened,E-COMMERCE,Unemployed,Mumbai,Yes,Email Opened,0.1287565383271902,0,Rep_B
Landing Page Submission,Direct Traffic,No,0,4.0,4,2.0,Email Opened,Rural and Agribusiness,Unemployed,Other Cities of Maharashtra,Yes,Email Opened,0.12833110845965,0,Rep_C
Landing Page Submission,Direct Traffic,Yes,0,10.0,307,2.5,Page Visited on Website,Services Excellence,Unemployed,Other Cities,Yes,Page Visited on Website,0.12673364114192207,0,Rep_D
API,Google,No,0,3.0,176,3.0,Email Opened,Finance Management,Unemployed,Mumbai,No,Email Opened,0.12671872870642897,0,Rep_B
Landing Page Submission,Direct Traffic,Yes,0,6.0,1679,6.0,Page Visited on Website,Business Administration,Other,Mumbai,Yes,Modified,0.12641727757553428,0,Rep_C
API,Google,No,0,3.0,166,3.0,Email Opened,Marketing Management,Unemployed,Mumbai,No,Email Opened,0.1263408528490062,0,Rep_D
Landing Page Submission,Direct Traffic,No,0,2.0,67,2.0,Email Opened,Finance Management,Unemployed,Mumbai,Yes,Email Opened,0.12620644301443226,0,Rep_B
Landing Page Submission,Direct Traffic,Yes,0,5.0,234,2.5,Page Visited on Website,E-COMMERCE,Unemployed,Mumbai,No,Modified,0.1249423244569915,0,Rep_C
API,Organic Search,No,0,13.0,54,6.5,Email Opened,Finance Management,Unemployed,Mumbai,No,Email Opened,0.12485287932653978,0,Rep_D
Landing Page Submission,Direct Traffic,No,0,2.0,27,2.0,Email Opened,Operations Management,Unemployed,Other Cities,Yes,Email Opened,0.12482948500417643,0,Rep_B
Landing Page Submission,Direct Traffic,No,1,3.0,128,3.0,Email Opened,Marketing Management,Unemployed,Mumbai,Yes,Email Opened,0.12470942312405846,1,Rep_C
Landing Page Submission,Direct Traffic,No,0,6.0,97,3.0,Email Opened,Supply Chain Management,Unemployed,Mumbai,Yes,Email Opened,0.12423439927286974,0,Rep_D
Landing Page Submission,Direct Traffic,No,0,2.0,52,2.0,Email Opened,Human Resource Management,Unemployed,Mumbai,Yes,Email Opened,0.12386134762976636,0,Rep_B
Landing Page Submission,Direct Traffic,Yes,0,3.0,223,1.5,SMS Sent,Travel and Tourism,Unemployed,Mumbai,Yes,Modified,0.12365042961212892,0,Rep_C
Landing Page Submission,Direct Traffic,No,0,3.0,127,3.0,Email Opened,Human Resource Management,Unemployed,Mumbai,Yes,Email Opened,0.12360822783967444,0,Rep_D
Landing Page Submission,Direct Traffic,Yes,0,2.0,52,2.0,SMS Sent,Rural and Agribusiness,Unemployed,Tier II Cities,Yes,SMS Sent,0.12338035065489761,0,Rep_B
API,Google,No,0,6.0,326,3.0,Email Opened,Human Resource Management,Unemployed,Mumbai,Yes,Email Opened,0.12283873468564264,0,Rep_C
Landing Page Submission,Direct Traffic,No,0,6.0,55,3.0,Email Opened,IT Projects Management,Unemployed,Other Cities of Maharashtra,Yes,Email Opened,0.12257296746869191,0,Rep_D
Landing Page Submission,Direct Traffic,No,0,3.0,130,3.0,Email Opened,Business Administration,Unemployed,Mumbai,Yes,Email Opened,0.12248710759603466,0,Rep_B
API,Google,No,0,2.0,75,2.0,Email Opened,Finance Management,Unemployed,Mumbai,No,Email Opened,0.12139953396228739,0,Rep_C
API,Google,No,0,2.0,183,2.0,Converted to Lead,Finance Management,Unemployed,Mumbai,No,Modified,0.12120826251206836,0,Rep_D
Landing Page Submission,Direct Traffic,No,0,9.0,83,3.0,Email Opened,"Banking, Investment And Insurance",Unemployed,Mumbai,Yes,Email Opened,0.1209412446315252,0,Rep_B
Landing Page Submission,Direct Traffic,No,1,5.0,253,5.0,Email Opened,Supply Chain Management,Unemployed,Mumbai,Yes,Email Opened,0.12065437313182815,1,Rep_C
Landing Page Submission,Direct Traffic,No,0,2.0,20,2.0,Email Opened,Business Administration,Unemployed,Other Cities,Yes,Email Opened,0.12013244192834843,0,Rep_D
Landing Page Submission,Google,No,0,7.0,397,7.0,Email Link Clicked,Travel and Tourism,Unemployed,Mumbai,Yes,Email Link Clicked,0.12007202052226087,0,Rep_B
API,Google,No,0,4.0,219,4.0,Email Opened,Finance Management,Unemployed,Mumbai,No,Email Opened,0.1196500340301565,0,Rep_C
Landing Page Submission,Direct Traffic,No,1,5.0,1006,2.5,Email Opened,Marketing Management,Other,Mumbai,Yes,Email Opened,0.11925246511320595,1,Rep_D
API,Google,No,0,1.0,94,1.0,Converted to Lead,Finance Management,Unemployed,Mumbai,No,Modified,0.11854087073209134,0,Rep_B
Landing Page Submission,Direct Traffic,No,0,1.0,55,1.0,Converted to Lead,Marketing Management,Unemployed,Mumbai,Yes,Modified,0.11848576480814912,0,Rep_C
Landing Page Submission,Direct Traffic,No,0,1.0,28,1.0,Converted to Lead,Retail Management,Unemployed,Other Cities,Yes,Modified,0.11843461647527241,0,Rep_D
Landing Page Submission,Direct Traffic,Yes,0,5.0,583,5.0,Page Visited on Website,Travel and Tourism,Unemployed,Mumbai,Yes,Modified,0.11821465824186646,0,Rep_B
API,Google,No,0,1.0,87,1.0,Converted to Lead,Finance Management,Unemployed,Mumbai,No,Modified,0.11710558369373042,0,Rep_C
API,Google,No,0,4.0,307,4.0,Converted to Lead,Finance Management,Unemployed,Mumbai,No,Modified,0.11537290100073645,0,Rep_D
Landing Page Submission,Direct Traffic,No,0,3.0,145,3.0,Email Bounced,Finance Management,Unemployed,Mumbai,Yes,Modified,0.11520374921545873,0,Rep_B
API,Google,No,0,3.0,11,3.0,Email Opened,Finance Management,Unemployed,Mumbai,No,Modified,0.11501576548798724,0,Rep_C
Landing Page Submission,Google,Yes,0,2.0,104,2.0,Had a Phone Conversation,E-COMMERCE,Unemployed,Mumbai,No,Modified,0.11450222821911596,0,Rep_D
API,Google,Yes,0,8.0,396,4.0,SMS Sent,Finance Management,Unemployed,Mumbai,No,Modified,0.11360438671015065,0,Rep_B
Landing Page Submission,Direct Traffic,No,0,5.0,31,5.0,Email Opened,Operations Management,Unemployed,Mumbai,No,Email Opened,0.11354991419669512,0,Rep_C
API,Organic Search,No,0,4.0,16,4.0,Email Link Clicked,Finance Management,Unemployed,Mumbai,No,Email Link Clicked,0.11335429614872682,0,Rep_D
Landing Page Submission,Direct Traffic,No,0,2.0,8,2.0,Email Opened,Business Administration,Unemployed,Mumbai,Yes,Email Opened,0.11309920379016111,0,Rep_B
API,Olark Chat,Yes,0,0.0,0,0.0,Olark Chat Conversation,Finance Management,Unemployed,Mumbai,No,Olark Chat Conversation,0.11297042532076806,0,Rep_C
API,Olark Chat,No,0,0.0,0,0.0,Email Opened,Finance Management,Student,Mumbai,No,Modified,0.11296694153438076,0,Rep_D
Landing Page Submission,Direct Traffic,No,0,3.0,2,3.0,Email Opened,Marketing Management,Unemployed,Other Metro Cities,Yes,Email Opened,0.11271820212447319,0,Rep_B
Landing Page Submission,Direct Traffic,No,0,4.0,432,4.0,Email Opened,Marketing Management,Student,Mumbai,No,Email Opened,0.11254401174938865,0,Rep_C
API,Olark Chat,No,1,0.0,0,0.0,Email Opened,Rural and Agribusiness,Student,Thane & Outskirts,No,Email Opened,0.11200598494766578,1,Rep_D
Landing Page Submission,Organic Search,Yes,0,6.0,501,6.0,Email Bounced,IT Projects Management,Unemployed,Other Metro Cities,Yes,Modified,0.11111726873013598,0,Rep_B
Landing Page Submission,Direct Traffic,No,0,3.0,40,3.0,Email Opened,Finance Management,Unemployed,Other Cities,Yes,Email Opened,0.10969550301136036,0,Rep_C
Landing Page Submission,Direct Traffic,Yes,0,3.0,38,3.0,SMS Sent,Business Administration,Unemployed,Other Metro Cities,No,Modified,0.10924434754018303,0,Rep_D
API,Google,No,0,1.0,41,1.0,Converted to Lead,Finance Management,Unemployed,Mumbai,No,Modified,0.10804446502095828,0,Rep_B
API,Olark Chat,Yes,0,0.0,0,0.0,Olark Chat Conversation,Finance Management,Unemployed,Mumbai,No,Modified,0.10768849512319593,0,Rep_C
API,Olark Chat,Yes,0,0.0,0,0.0,Olark Chat Conversation,Finance Management,Unemployed,Mumbai,No,Modified,0.10768849512319593,0,Rep_D
Landing Page Submission,Direct Traffic,Yes,0,2.0,183,2.0,SMS Sent,Human Resource Management,Unemployed,Other Cities,Yes,Modified,0.10763191326327216,0,Rep_B
Landing Page Submission,Google,No,0,10.0,59,3.33,Email Opened,Finance Management,Student,Thane & Outskirts,No,Email Opened,0.10745905841008904,0,Rep_C
API,Google,No,0,2.0,114,2.0,Converted to Lead,Finance Management,Unemployed,Mumbai,No,Modified,0.10744075292349113,0,Rep_D
Landing Page Submission,Direct Traffic,No,0,3.0,154,3.0,Converted to Lead,Human Resource Management,Unemployed,Mumbai,Yes,Modified,0.10714142508445945,0,Rep_B
Landing Page Submission,Direct Traffic,Yes,0,3.0,69,3.0,SMS Sent,Media and Advertising,Unemployed,Thane & Outskirts,Yes,SMS Sent,0.10618416572617384,0,Rep_C
API,Google,Yes,0,3.0,35,3.0,Unsubscribed,Finance Management,Unemployed,Mumbai,No,Unsubscribed,0.10599743668523931,0,Rep_D
Landing Page Submission,Organic Search,No,1,6.0,340,6.0,Page Visited on Website,Human Resource Management,Other,Mumbai,Yes,Modified,0.10571056032947955,1,Rep_B
Landing Page Submission,Direct Traffic,No,0,2.0,437,2.0,Email Opened,Hospitality Management,Student,Mumbai,Yes,Email Opened,0.10475011451873988,0,Rep_C
Landing Page Submission,Direct Traffic,No,0,4.0,334,2.0,Email Opened,Finance Management,Student,Thane & Outskirts,Yes,Email Opened,0.10445450181261297,0,Rep_D
Landing Page Submission,Direct Traffic,No,1,2.0,87,2.0,Email Link Clicked,Operations Management,Unemployed,Other Cities,Yes,Email Link Clicked,0.10416199677125187,1,Rep_B
API,Google,No,0,3.0,63,3.0,Email Opened,Finance Management,Unemployed,Mumbai,No,Email Opened,0.10403240425297214,0,Rep_C
API,Google,No,0,3.0,55,3.0,Email Opened,Finance Management,Unemployed,Mumbai,No,Email Opened,0.10257057900935018,0,Rep_D
Landing Page Submission,Direct Traffic,No,0,3.0,5,3.0,Email Opened,"Banking, Investment And Insurance",Unemployed,Other Cities,Yes,Email Opened,0.10213069374325288,0,Rep_B
API,Google,No,0,3.0,52,3.0,Email Opened,Finance Management,Unemployed,Mumbai,No,Email Opened,0.10202710125588096,0,Rep_C
Landing Page Submission,Google,Yes,0,11.0,190,3.67,Page Visited on Website,IT Projects Management,Unemployed,Mumbai,Yes,Modified,0.10161734712128266,0,Rep_D
Landing Page Submission,Direct Traffic,No,0,3.0,4,3.0,Email Opened,Human Resource Management,Unemployed,Mumbai,Yes,Email Opened,0.09963048743840901,0,Rep_B
Landing Page Submission,Organic Search,Yes,0,6.0,262,3.0,Email Bounced,Business Administration,Unemployed,Mumbai,Yes,Modified,0.09864344108863288,0,Rep_C
Landing Page Submission,Direct Traffic,No,0,2.0,210,2.0,Email Opened,"Banking, Investment And Insurance",Student,Thane & Outskirts,Yes,Modified,0.09833376427819794,0,Rep_D
API,Direct Traffic,No,0,12.0,247,2.4,Email Link Clicked,Finance Management,Unemployed,Mumbai,No,Email Link Clicked,0.09759900569993862,0,Rep_B
Landing Page Submission,Google,No,0,9.0,283,9.0,Email Opened,Finance Management,Unemployed,Mumbai,Yes,Email Opened,0.09710287211817258,0,Rep_C
API,Olark Chat,No,1,0.0,0,0.0,Email Opened,Finance Management,Student,Other Cities,No,Email Opened,0.09696167484003844,1,Rep_D
Landing Page Submission,Organic Search,Yes,1,4.0,56,4.0,Email Bounced,Finance Management,Working Professional,Mumbai,Yes,Email Bounced,0.0968965736272834,1,Rep_B
API,Google,No,0,2.0,69,2.0,Olark Chat Conversation,Finance Management,Student,Mumbai,No,Olark Chat Conversation,0.09640847034421476,0,Rep_C
API,Google,No,1,3.0,7,3.0,Email Link Clicked,Marketing Management,Unemployed,Mumbai,No,Modified,0.09559587580487304,1,Rep_D
Landing Page Submission,Organic Search,Yes,0,3.0,244,3.0,Email Bounced,Supply Chain Management,Unemployed,Mumbai,Yes,Modified,0.09555541262082774,0,Rep_B
Landing Page Submission,Direct Traffic,Yes,0,6.0,112,1.5,Page Visited on Website,Services Excellence,Unemployed,Mumbai,Yes,Page Visited on Website,0.09537991837314926,0,Rep_C
Landing Page Submission,Direct Traffic,Yes,0,4.0,1,4.0,Unsubscribed,Business Administration,Unemployed,Other Cities,Yes,Unsubscribed,0.09508352799980811,0,Rep_D
Landing Page Submission,Direct Traffic,No,0,4.0,44,4.0,Email Opened,IT Projects Management,Unemployed,Mumbai,Yes,Email Opened,0.0936384029958734,0,Rep_B
API,Olark Chat,No,0,0.0,0,0.0,Email Opened,Finance Management,Student,Mumbai,No,Email Opened,0.09312447803704887,0,Rep_C
API,Olark Chat,No,0,0.0,0,0.0,Email Opened,Finance Management,Student,Mumbai,No,Email Opened,0.09312447803704887,0,Rep_D
API,Olark Chat,No,0,0.0,0,0.0,Email Opened,Finance Management,Student,Mumbai,No,Email Opened,0.09312447803704887,0,Rep_B
API,Olark Chat,No,0,0.0,0,0.0,Email Opened,Finance Management,Student,Mumbai,No,Email Opened,0.09312447803704887,0,Rep_C
API,Olark Chat,No,0,0.0,0,0.0,Email Opened,Finance Management,Student,Mumbai,No,Email Opened,0.09312447803704887,0,Rep_D
API,Google,Yes,0,2.0,210,2.0,Page Visited on Website,Finance Management,Unemployed,Mumbai,No,Page Visited on Website,0.09260843589602948,0,Rep_B
Landing Page Submission,Direct Traffic,No,0,2.0,37,2.0,Olark Chat Conversation,IT Projects Management,Student,Mumbai,Yes,Modified,0.09247706064560447,0,Rep_C
API,Google,Yes,0,3.0,251,1.5,Olark Chat Conversation,Finance Management,Unemployed,Mumbai,No,Modified,0.08939055193857118,0,Rep_D
Landing Page Submission,Direct Traffic,Yes,0,3.0,60,3.0,SMS Sent,Marketing Management,Unemployed,Mumbai,Yes,SMS Sent,0.0887274552266177,0,Rep_B
Landing Page Submission,Organic Search,Yes,0,2.0,71,2.0,Email Bounced,Finance Management,Unemployed,Other Metro Cities,No,Email Bounced,0.08834356738757417,0,Rep_C
Landing Page Submission,Direct Traffic,Yes,0,2.0,165,2.0,Form Submitted on Website,Media and Advertising,Unemployed,Mumbai,No,Modified,0.08770377490515605,0,Rep_D
Landing Page Submission,Direct Traffic,No,0,4.0,6,4.0,Email Opened,Human Resource Management,Unemployed,Mumbai,Yes,Email Opened,0.08725051755239839,0,Rep_B
API,Direct Traffic,No,0,4.0,32,2.0,Email Opened,Marketing Management,Unemployed,Mumbai,No,Email Opened,0.08692594416875235,0,Rep_C
API,Google,No,0,5.0,108,5.0,Email Opened,Finance Management,Unemployed,Mumbai,No,Email Opened,0.08588058994212526,0,Rep_D
Landing Page Submission,Organic Search,Yes,0,4.0,252,4.0,Email Bounced,Finance Management,Unemployed,Other Cities,Yes,Modified,0.08548005206207152,0,Rep_B
API,Google,No,0,9.0,102,3.0,Email Opened,Finance Management,Unemployed,Mumbai,Yes,Email Opened,0.08507037163302232,0,Rep_C
API,Google,Yes,0,2.0,269,2.0,Olark Chat Conversation,Finance Management,Unemployed,Mumbai,No,Modified,0.08463483105657502,0,Rep_D
Landing Page Submission,Direct Traffic,Yes,0,1.0,784,1.0,Email Bounced,Finance Management,Student,Other Cities of Maharashtra,No,Modified,0.08440131070954077,0,Rep_B
API,Google,No,0,3.0,92,3.0,Olark Chat Conversation,Finance Management,Student,Mumbai,No,Modified,0.08343859821775738,0,Rep_C
Landing Page Submission,Direct Traffic,Yes,0,1.0,341,1.0,Email Bounced,Finance Management,Unemployed,Mumbai,No,Modified,0.08308097326105937,0,Rep_D
Landing Page Submission,Organic Search,Yes,0,2.0,16,2.0,Email Bounced,Travel and Tourism,Unemployed,Other Metro Cities,Yes,Modified,0.08237346868297475,0,Rep_B
Landing Page Submission,Direct Traffic,No,0,5.0,12,5.0,Email Opened,Business Administration,Unemployed,Other Cities of Maharashtra,Yes,Email Opened,0.08217179618316016,0,Rep_C
Landing Page Submission,Direct Traffic,No,0,2.0,298,2.0,Email Opened,Finance Management,Student,Mumbai,Yes,Email Opened,0.08127374781589387,0,Rep_D
Landing Page Submission,Google,Yes,0,1.0,149,1.0,Email Bounced,Human Resource Management,Unemployed,Mumbai,No,Modified,0.08011278619240167,0,Rep_B
API,Google,No,0,10.0,16,5.0,Email Opened,Finance Management,Unemployed,Mumbai,No,Email Opened,0.0773426018129258,0,Rep_C
Landing Page Submission,Google,Yes,0,4.0,447,4.0,Email Bounced,IT Projects Management,Unemployed,Thane & Outskirts,Yes,Modified,0.0756695407314596,0,Rep_D
Landing Page Submission,Direct Traffic,Yes,1,3.0,257,1.5,SMS Sent,International Business,Student,Other Metro Cities,Yes,SMS Sent,0.07517592455714178,1,Rep_B
Landing Page Submission,Direct Traffic,Yes,0,1.0,481,1.0,Email Bounced,Business Administration,Unemployed,Mumbai,No,Email Bounced,0.0751654877637829,0,Rep_C
API,Google,No,0,4.0,113,4.0,Email Link Clicked,Finance Management,Unemployed,Mumbai,No,Email Link Clicked,0.07394875477379044,0,Rep_D
Landing Page Submission,Direct Traffic,Yes,0,1.0,258,1.0,Email Bounced,Finance Management,Unemployed,Mumbai,No,Modified,0.07142940707577583,0,Rep_B
Landing Page Submission,Direct Traffic,Yes,0,1.0,345,1.0,Email Bounced,Services Excellence,Unemployed,Thane & Outskirts,Yes,Modified,0.07142427526335443,0,Rep_C
Landing Page Submission,Direct Traffic,Yes,0,1.0,159,1.0,Email Bounced,IT Projects Management,Unemployed,Thane & Outskirts,No,Modified,0.07103584725705356,0,Rep_D
Landing Page Submission,Direct Traffic,Yes,0,2.0,25,2.0,Page Visited on Website,Healthcare Management,Unemployed,Mumbai,Yes,Page Visited on Website,0.07015414151768067,0,Rep_B
Landing Page Submission,Direct Traffic,Yes,0,1.0,431,1.0,Email Bounced,Finance Management,Unemployed,Mumbai,Yes,Modified,0.06889835432582345,0,Rep_C
API,Google,No,0,6.0,63,6.0,Email Opened,Finance Management,Unemployed,Mumbai,No,Email Opened,0.06887753449733983,0,Rep_D
Landing Page Submission,Direct Traffic,Yes,0,5.0,60,5.0,Page Visited on Website,Retail Management,Unemployed,Other Cities,No,Modified,0.06739934719578061,0,Rep_B
Landing Page Submission,Direct Traffic,Yes,0,5.0,225,5.0,Page Visited on Website,Rural and Agribusiness,Unemployed,Other Cities of Maharashtra,Yes,Modified,0.06694543647940547,0,Rep_C
Landing Page Submission,Direct Traffic,Yes,0,2.0,34,2.0,Page Visited on Website,Media and Advertising,Unemployed,Mumbai,Yes,Modified,0.06550361102154827,0,Rep_D
Landing Page Submission,Direct Traffic,Yes,0,1.0,311,1.0,Email Bounced,Finance Management,Unemployed,Thane & Outskirts,Yes,Modified,0.06525425570490977,0,Rep_B
Landing Page Submission,Direct Traffic,Yes,0,1.0,281,1.0,Email Bounced,IT Projects Management,Unemployed,Tier II Cities,Yes,Modified,0.06502954691708611,0,Rep_C
API,Direct Traffic,No,0,3.0,129,3.0,Email Link Clicked,Finance Management,Unemployed,Mumbai,No,Email Link Clicked,0.06436241457545547,0,Rep_D
Landing Page Submission,Direct Traffic,Yes,0,1.0,353,1.0,Email Bounced,IT Projects Management,Unemployed,Mumbai,Yes,Modified,0.06027135974229287,0,Rep_B
Landing Page Submission,Direct Traffic,Yes,0,1.0,137,1.0,Email Bounced,Business Administration,Unemployed,Mumbai,No,Modified,0.056690584068853335,0,Rep_C
Landing Page Submission,Direct Traffic,No,0,7.0,5,7.0,Email Opened,"Banking, Investment And Insurance",Unemployed,Mumbai,Yes,Email Opened,0.056277604599417455,0,Rep_D
API,Olark Chat,Yes,0,0.0,0,0.0,Page Visited on Website,Human Resource Management,Student,Mumbai,No,Page Visited on Website,0.05534789800382667,0,Rep_B
Landing Page Submission,Direct Traffic,Yes,0,6.0,229,6.0,Page Visited on Website,Supply Chain Management,Unemployed,Mumbai,Yes,Modified,0.0541265872285776,0,Rep_C
API,Olark Chat,Yes,0,0.0,0,0.0,Email Bounced,Finance Management,Unemployed,Mumbai,No,Modified,0.05379425897624617,0,Rep_D
API,Olark Chat,Yes,0,0.0,0,0.0,Email Bounced,Finance Management,Unemployed,Mumbai,No,Modified,0.05379425897624617,0,Rep_B
API,Olark Chat,Yes,0,0.0,0,0.0,Email Bounced,Finance Management,Unemployed,Mumbai,No,Modified,0.05379425897624617,0,Rep_C
API,Olark Chat,Yes,0,0.0,0,0.0,Email Bounced,Finance Management,Unemployed,Mumbai,No,Modified,0.05379425897624617,0,Rep_D
API,Olark Chat,Yes,0,0.0,0,0.0,Email Bounced,Finance Management,Unemployed,Mumbai,No,Modified,0.05379425897624617,0,Rep_B
API,Olark Chat,Yes,0,0.0,0,0.0,Email Bounced,Finance Management,Unemployed,Mumbai,No,Modified,0.05379425897624617,0,Rep_C
API,Olark Chat,Yes,0,0.0,0,0.0,Email Bounced,Finance Management,Unemployed,Mumbai,No,Modified,0.05379425897624617,0,Rep_D
API,Olark Chat,Yes,0,0.0,0,0.0,Email Bounced,Finance Management,Unemployed,Mumbai,No,Modified,0.05379425897624617,0,Rep_B
Landing Page Submission,Direct Traffic,No,0,8.0,362,2.67,Email Opened,Marketing Management,Other,Mumbai,No,Email Opened,0.05329110414791124,0,Rep_C
Landing Page Submission,Direct Traffic,Yes,0,4.0,503,4.0,Email Bounced,Finance Management,Unemployed,Mumbai,Yes,Modified,0.05153609125560069,0,Rep_D
Landing Page Submission,Direct Traffic,Yes,0,15.0,56,5.0,Page Visited on Website,Supply Chain Management,Unemployed,Mumbai,Yes,Modified,0.051328486382256976,0,Rep_B
API,Google,Yes,0,3.0,438,3.0,Email Bounced,Finance Management,Unemployed,Mumbai,No,Modified,0.049708182848869124,0,Rep_C
Landing Page Submission,Direct Traffic,No,0,1.0,49,1.0,Converted to Lead,Marketing Management,Student,Mumbai,Yes,Modified,0.049050248954995,0,Rep_D
Landing Page Submission,Direct Traffic,Yes,0,1.0,231,1.0,Email Bounced,Supply Chain Management,Unemployed,Mumbai,Yes,Modified,0.04900163936292337,0,Rep_B
Landing Page Submission,Direct Traffic,Yes,0,1.0,49,1.0,Email Bounced,Hospitality Management,Unemployed,Mumbai,No,Modified,0.04871655687359479,0,Rep_C
API,Direct Traffic,Yes,0,20.0,808,2.86,Email Bounced,Supply Chain Management,Unemployed,Other Cities,Yes,Email Bounced,0.04838721065554199,0,Rep_D
API,Direct Traffic,No,1,7.0,114,7.0,Email Opened,Finance Management,Unemployed,Mumbai,No,Email Opened,0.048120492009608884,1,Rep_B
Landing Page Submission,Direct Traffic,Yes,0,2.0,283,2.0,Email Bounced,Marketing Management,Unemployed,Mumbai,Yes,Modified,0.046103213458071536,0,Rep_C
Landing Page Submission,Direct Traffic,No,0,8.0,61,8.0,Page Visited on Website,Human Resource Management,Student,Mumbai,Yes,Modified,0.04594317421502959,0,Rep_D
API,Organic Search,Yes,0,7.0,265,3.5,Email Bounced,Finance Management,Unemployed,Mumbai,No,Email Bounced,0.04588943746980544,0,Rep_B
API,Google,Yes,0,1.0,233,1.0,Email Bounced,Marketing Management,Unemployed,Mumbai,No,Modified,0.0457331190983542,0,Rep_C
API,Direct Traffic,Yes,0,7.0,157,3.5,Olark Chat Conversation,Finance Management,Unemployed,Mumbai,No,Olark Chat Conversation,0.04490405412439485,0,Rep_D
Landing Page Submission,Direct Traffic,Yes,0,1.0,191,1.0,Email Bounced,IT Projects Management,Unemployed,Mumbai,Yes,Modified,0.04451852523093789,0,Rep_B
Landing Page Submission,Direct Traffic,Yes,0,2.0,550,2.0,Email Bounced,Marketing Management,Student,Mumbai,No,Modified,0.04441183153763833,0,Rep_C
Landing Page Submission,Direct Traffic,Yes,0,1.0,144,1.0,Email Bounced,IT Projects Management,Unemployed,Other Cities of Maharashtra,Yes,Modified,0.04437079183236983,0,Rep_D
API,Google,Yes,0,3.0,373,3.0,Email Bounced,Finance Management,Unemployed,Mumbai,No,Modified,0.043989226639976314,0,Rep_B
API,Organic Search,Yes,0,3.0,11,3.0,Email Bounced,Finance Management,Unemployed,Mumbai,No,Modified,0.04184820292096914,0,Rep_C
Landing Page Submission,Direct Traffic,Yes,0,5.0,608,5.0,Email Bounced,Supply Chain Management,Unemployed,Other Cities,Yes,Email Bounced,0.040885988738666536,0,Rep_D
Landing Page Submission,Direct Traffic,Yes,0,1.0,134,1.0,Email Bounced,Operations Management,Unemployed,Mumbai,Yes,Modified,0.04039245266187037,0,Rep_B
Landing Page Submission,Direct Traffic,Yes,0,1.0,94,1.0,Email Bounced,Finance Management,Unemployed,Other Cities of Maharashtra,Yes,Modified,0.039952367153595535,0,Rep_C
Landing Page Submission,Direct Traffic,Yes,0,3.0,280,3.0,Email Bounced,IT Projects Management,Unemployed,Mumbai,Yes,Modified,0.039493936332663536,0,Rep_D
API,Organic Search,No,1,11.0,1700,11.0,Email Opened,Healthcare Management,Businessman,Mumbai,No,Email Opened,0.037498848099745505,1,Rep_B
API,Google,Yes,0,3.0,233,3.0,Email Opened,Finance Management,Unemployed,Mumbai,No,Email Opened,0.03741006972863944,0,Rep_C
Landing Page Submission,Direct Traffic,Yes,0,3.0,53,3.0,Email Bounced,E-COMMERCE,Unemployed,Mumbai,No,Modified,0.03652220925981985,0,Rep_D
Landing Page Submission,Direct Traffic,No,0,13.0,194,13.0,Email Opened,Marketing Management,Unemployed,Mumbai,Yes,Email Opened,0.034849844065196825,0,Rep_B
Landing Page Submission,Direct Traffic,Yes,0,1.0,241,1.0,Email Bounced,Finance Management,Student,Other Cities of Maharashtra,No,Modified,0.030615167161762616,0,Rep_C
API,Google,Yes,0,2.0,56,2.0,Email Bounced,Finance Management,Unemployed,Mumbai,No,Modified,0.02781742532514597,0,Rep_D
Landing Page Submission,Direct Traffic,Yes,0,1.0,233,1.0,Email Bounced,Finance Management,Student,Mumbai,No,Modified,0.027647434728328295,0,Rep_B
API,Google,Yes,0,2.0,139,1.0,Email Bounced,Finance Management,Unemployed,Mumbai,No,Email Bounced,0.02651665402849543,0,Rep_C
Landing Page Submission,Direct Traffic,No,0,4.0,709,2.0,Form Submitted on Website,Finance Management,Businessman,Mumbai,No,Modified,0.02621717159931455,0,Rep_D
Landing Page Submission,Direct Traffic,No,0,7.0,32,7.0,Email Opened,Hospitality Management,Student,Mumbai,Yes,Email Opened,0.02422382914523208,0,Rep_B
Landing Page Submission,Direct Traffic,Yes,0,1.0,2,1.0,Email Bounced,Finance Management,Student,Other Cities,No,Modified,0.018500966132909975,0,Rep_C
API,Google,Yes,0,2.0,30,2.0,Email Bounced,Finance Management,Student,Mumbai,No,Modified,0.01044530512962974,0,Rep_D
